"ID","BLOC","NUM","COLECCIO_CA","COLECCIO_ES","COLECCIO_EN","DESCRIP_COLECCIO_CA","DESCRIP_COLECCIO_ES","DESCRIP_COLECCIO_EN","PRODUCTE_CA","PRODUCTE_ES","PRODUCTE_EN","DESCRIP_PRODUCTE_CA","DESCRIP_PRODUCTE_ES","DESCRIP_PRODUCTE_EN","AMBIT_CA","AMBIT_ES","AMBIT_EN","HISTORIC","DATA_CREACIO","DATA_ACTUALITZACIO","URL_DESTI","SHP","DGN","KMZ","PDF","PDFGEO","CSV","MBTILES","JPG","GEOJSON","DWG","XLS","GPKG","COORDSYS","LINK_ATOM"
"1_1",1,1,"Guia Urbana","Guía Urbana","Urban Guide","Productes amb Base Cartogràfica ""Guia urbana""","Productos con Base Cartográfica ""Guía Urbana""","Base Cartographic ""Urban Guide"" Products","GUIA URBANA en format PDF-GEO (amb Capes i Georeferenciat)","GUÍA URBANA en formato PDF-GEO (con Capas y Georeferenciado)","CITY MAP in PDF-GEO format (with overlays and georeferencing)","Base Cartogràfica per a la preparació de plànols a mida amb: Trama urbana, Relleu, Topònims, Numeració Postal, Transports i Límits de Districtes i Barris","Base Cartográfica para la preparación de planos a medida con: Trama urbana, Relieve, Topónimos,Numeración  Postal, Transportes y Limites de Distritos y Barrios","Cartographic Base map for drafting made-to-measure maps showing the urban fabric, relief, place names, postal numbering system,  transport and neighbourhood and district boundaries","Ciutat","Ciudad","City",1,20150101000000,20191105000000,"http://w20.bcn.cat/cartobcn?prod=84",0,0,0,0,1,0,0,0,0,0,0,0,"WGS84 EPSG:32631","http://w20.bcn.cat/CartoBCN/getFile.ashx?prod=84.BARCELONA.39"
"1_2",1,2,"Guia Urbana","Guía Urbana","Urban Guide","Productes amb Base Cartogràfica ""Guia urbana""","Productos con Base Cartográfica ""Guía Urbana""","Base Cartographic ""Urban Guide"" Products","GUIA URBANA escala 1:5.000 en format CAD","GUÍA URBANA escala 1:5000 en formato CAD","1:5,000 CITY MAP scale in CAD format","Base Cartogràfica amb Trama urbana, Topònims, Numeració  Postal i Transports","Base Cartográfica con Trama urbana, Topónimos, Numeración  Postal y Transportes","Cartographic Base map with Urban fabric, Place Names, Postal Numbering and Transport","Ciutat","Ciudad","City",0,20150101000000,20190326000000,"http://w20.bcn.cat/cartobcn?prod=83",0,1,0,0,0,0,0,0,0,0,0,0,"ETRS89 EPSG:25831","http://w20.bcn.cat/CartoBCN/getFile.ashx?prod=83.BARCELONA.28"
"1_3",1,3,"Guia Urbana","Guía Urbana","Urban Guide","Productes amb Base Cartogràfica ""Guia urbana""","Productos con Base Cartográfica ""Guía Urbana""","Base Cartographic ""Urban Guide"" Products","GUIA URBANA escala 1:5.000 en format CAD","GUÍA URBANA escala 1:5000 en formato CAD","1:5,000 CITY MAP scale in CAD format","Base Cartogràfica amb Trama urbana, Topònims, Numeració  Postal i Transports","Base Cartográfica con Trama urbana, Topónimos, Numeración  Postal y Transportes","Cartographic Base map with Urban fabric, Place Names, Postal Numbering and Transport","Ciutat","Ciudad","City",0,20150101000000,20190326000000,"http://w20.bcn.cat/cartobcn?prod=83",0,0,0,0,0,0,0,0,0,1,0,0,"ETRS89 EPSG:25831","http://w20.bcn.cat/CartoBCN/getFile.ashx?prod=83.BARCELONA.30"
"1_4",1,4,"Guia Urbana","Guía Urbana","Urban Guide","Productes amb Base Cartogràfica ""Guia urbana""","Productos con Base Cartográfica ""Guía Urbana""","Base Cartographic ""Urban Guide"" Products","Plànol 1:10.000 GUIA URBANA de la Ciutat amb BARRIS en format PDF/JPG","Plano 1:10.000 de GUÍA URBANA de la ciudad con BARRIOS en formato PDF/JPG","1:10,000 CITY MAP with NEIGHBOURHOODS in PDF/JPG format","Plànol amb Trama urbana, Topònims, Numeració Postal, Transports, Barris i Districtes","Plano con Trama urbana, Topónimos, Numeración postal, Transportes, Barrios y Distritos","Map showing the urban fabric, place names, postal numbering, transport, neighbourhoods and districts","Ciutat","Ciudad","City",0,20110110000000,20191001000000,"http://w20.bcn.cat/cartobcn?prod=47",0,0,0,1,0,0,0,0,0,0,0,0,"ETRS89 EPSG:25831","http://w20.bcn.cat/CartoBCN/getFile.ashx?prod=47.BARCELONA.6"
"1_5",1,5,"Guia Urbana","Guía Urbana","Urban Guide","Productes amb Base Cartogràfica ""Guia urbana""","Productos con Base Cartográfica ""Guía Urbana""","Base Cartographic ""Urban Guide"" Products","Plànol 1:10.000 GUIA URBANA de la Ciutat amb BARRIS en format PDF/JPG","Plano 1:10.000 de GUÍA URBANA de la ciudad con BARRIOS en formato PDF/JPG","1:10,000 CITY MAP with NEIGHBOURHOODS in PDF/JPG format","Plànol amb Trama urbana, Topònims, Numeració Postal, Transports, Barris i Districtes","Plano con Trama urbana, Topónimos, Numeración postal, Transportes, Barrios y Distritos","Map showing the urban fabric, place names, postal numbering, transport, neighbourhoods and districts","Ciutat","Ciudad","City",0,20110110000000,20191001000000,"http://w20.bcn.cat/cartobcn?prod=47",0,0,0,0,0,0,0,1,0,0,0,0,"ED50 EPSG:23031","http://w20.bcn.cat/CartoBCN/getFile.ashx?prod=47.BARCELONA.22"
"1_6",1,6,"Guia Urbana","Guía Urbana","Urban Guide","Productes amb Base Cartogràfica ""Guia urbana""","Productos con Base Cartográfica ""Guía Urbana""","Base Cartographic ""Urban Guide"" Products","Plànol 1:10.000 de GUIA URBANA/DISTRICTES acolorits i BARRIS de la ciutat en format PDF/JPG","Plano 1:10.000 de GUÍA URBANA/DISTRITOS coloreados y BARRIOS de la ciudad en formato PDF/JPG","CITY MAP with coloured DISTRICTS and NEIGHBOURHOODS 1:10,000 in PDF/JPG format","Plànol amb Trama urbana, Topònims, Numeració Postal, Transports, Barris i Districtes","Plano con Trama urbana, Topónimos, Numeración postal, Transportes, Barrios y Distritos","Map showing the urban fabric, place names, postal numbering, transport, neighbourhoods and districts","Ciutat","Ciudad","City",0,20120426000000,20191001000000,"http://w20.bcn.cat/cartobcn?prod=59",0,0,0,0,0,0,0,1,0,0,0,0,"ED50 EPSG:23031","http://w20.bcn.cat/CartoBCN/getFile.ashx?prod=59.BARCELONA.22"
"1_7",1,7,"Guia Urbana","Guía Urbana","Urban Guide","Productes amb Base Cartogràfica ""Guia urbana""","Productos con Base Cartográfica ""Guía Urbana""","Base Cartographic ""Urban Guide"" Products","Plànol 1:10.000 de GUIA URBANA/DISTRICTES acolorits i BARRIS de la ciutat en format PDF/JPG","Plano 1:10.000 de GUÍA URBANA/DISTRITOS coloreados y BARRIOS de la ciudad en formato PDF/JPG","CITY MAP with coloured DISTRICTS and NEIGHBOURHOODS 1:10,000 in PDF/JPG format","Plànol amb Trama urbana, Topònims, Numeració Postal, Transports, Barris i Districtes","Plano con Trama urbana, Topónimos, Numeración postal, Transportes, Barrios y Distritos","Map showing the urban fabric, place names, postal numbering, transport, neighbourhoods and districts","Ciutat","Ciudad","City",0,20120426000000,20191001000000,"http://w20.bcn.cat/cartobcn?prod=59",0,0,0,1,0,0,0,0,0,0,0,0,"ETRS89 EPSG:25831","http://w20.bcn.cat/CartoBCN/getFile.ashx?prod=59.BARCELONA.6"
"1_8",1,8,"Guia Urbana","Guía Urbana","Urban Guide","Productes amb Base Cartogràfica ""Guia urbana""","Productos con Base Cartográfica ""Guía Urbana""","Base Cartographic ""Urban Guide"" Products","Plànol 1:20.000 de GUIA URBANA de la ciutat amb BARRIS en format PDF/JPG","Plano 1:20.000 de GUÍA URBANA de la ciudad en formato PDF/JPG","1:20,000 CITY MAP with NEIGHBOURHOODS in PDF/JPG format","Plànol amb Trama urbana, Topònims dels Vials Principals, Barris i Districtes","Plano con Trama urbana, Topónimos de los Viales Principales, Neighborhoods y Distritos","Map showing the urban fabric and names of the main roads, neighbourhoods and districts","Ciutat","Ciudad","City",0,20101117000000,20191001000000,"http://w20.bcn.cat/cartobcn?prod=30",0,0,0,0,0,0,0,1,0,0,0,0,"ED50 EPSG:23031","http://w20.bcn.cat/CartoBCN/getFile.ashx?prod=30.BARCELONA.22"
"1_9",1,9,"Guia Urbana","Guía Urbana","Urban Guide","Productes amb Base Cartogràfica ""Guia urbana""","Productos con Base Cartográfica ""Guía Urbana""","Base Cartographic ""Urban Guide"" Products","Plànol 1:20.000 de GUIA URBANA de la ciutat amb BARRIS en format PDF/JPG","Plano 1:20.000 de GUÍA URBANA de la ciudad en formato PDF/JPG","1:20,000 CITY MAP with NEIGHBOURHOODS in PDF/JPG format","Plànol amb Trama urbana, Topònims dels Vials Principals, Barris i Districtes","Plano con Trama urbana, Topónimos de los Viales Principales, Neighborhoods y Distritos","Map showing the urban fabric and names of the main roads, neighbourhoods and districts","Ciutat","Ciudad","City",0,20101117000000,20191001000000,"http://w20.bcn.cat/cartobcn?prod=30",0,0,0,1,0,0,0,0,0,0,0,0,"ETRS89 EPSG:25831","http://w20.bcn.cat/CartoBCN/getFile.ashx?prod=30.BARCELONA.6"
"1_10",1,10,"Guia Urbana","Guía Urbana","Urban Guide","Productes amb Base Cartogràfica ""Guia urbana""","Productos con Base Cartográfica ""Guía Urbana""","Base Cartographic ""Urban Guide"" Products","Plànol 1:20.000 de GUIA URBANA de la ciutat en format PDF/JPG","Plano 1:20.000 de GUÍA URBANA de la ciudad en formato PDF/JPG","1:20,000 CITY MAP in PDF/JPG format","Plànol de la Trama Urbana i amb Districtes","Plano de la Trama Urbana y con Distritos","Map showing the Urban Area and Districts","Ciutat","Ciudad","City",0,20120507000000,20191001000000,"http://w20.bcn.cat/cartobcn?prod=61",0,0,0,1,0,0,0,0,0,0,0,0,"ETRS89 EPSG:25831","http://w20.bcn.cat/CartoBCN/getFile.ashx?prod=61.BARCELONA.6"
"1_11",1,11,"Guia Urbana","Guía Urbana","Urban Guide","Productes amb Base Cartogràfica ""Guia urbana""","Productos con Base Cartográfica ""Guía Urbana""","Base Cartographic ""Urban Guide"" Products","Plànol 1:20.000 de GUIA URBANA de la ciutat en format PDF/JPG","Plano 1:20.000 de GUÍA URBANA de la ciudad en formato PDF/JPG","1:20,000 CITY MAP in PDF/JPG format","Plànol de la Trama Urbana i amb Districtes","Plano de la Trama Urbana y con Distritos","Map showing the Urban Area and Districts","Ciutat","Ciudad","City",0,20120507000000,20191001000000,"http://w20.bcn.cat/cartobcn?prod=61",0,0,0,0,0,0,0,1,0,0,0,0,"ED50 EPSG:23031","http://w20.bcn.cat/CartoBCN/getFile.ashx?prod=61.BARCELONA.22"
"1_12",1,12,"Guia Urbana","Guía Urbana","Urban Guide","Productes amb Base Cartogràfica ""Guia urbana""","Productos con Base Cartográfica ""Guía Urbana""","Base Cartographic ""Urban Guide"" Products","Plànol 1:20.000 de GUIA URBANA/DISTRICTES acolorits i BARRIS de la ciutat en format PDF/JPG","Plano 1:20.000 de GUÍA URBANA/DISTRITOS coloreados y BARRIOS de la ciudad en formato PDF/JPG","CITY MAP with coloured DISTRICTS and NEIGHBOURHOODS 1:20,000 in PDF/JPG format","Plànol amb Trama urbana, Topònims, Numeració Postal, Transports, Barris i Districtes","Plano con Trama urbana, Topónimos, Numeración postal, Transportes, Barrios y Distritos","Map showing the urban fabric, place names, postal numbering, transport, neighbourhoods and districts","Ciutat","Ciudad","City",0,20120508000000,20191001000000,"http://w20.bcn.cat/cartobcn?prod=64",0,0,0,1,0,0,0,0,0,0,0,0,"ETRS89 EPSG:25831","http://w20.bcn.cat/CartoBCN/getFile.ashx?prod=64.BARCELONA.6"
"1_13",1,13,"Guia Urbana","Guía Urbana","Urban Guide","Productes amb Base Cartogràfica ""Guia urbana""","Productos con Base Cartográfica ""Guía Urbana""","Base Cartographic ""Urban Guide"" Products","Plànol 1:20.000 de GUIA URBANA/DISTRICTES acolorits i BARRIS de la ciutat en format PDF/JPG","Plano 1:20.000 de GUÍA URBANA/DISTRITOS coloreados y BARRIOS de la ciudad en formato PDF/JPG","CITY MAP with coloured DISTRICTS and NEIGHBOURHOODS 1:20,000 in PDF/JPG format","Plànol amb Trama urbana, Topònims, Numeració Postal, Transports, Barris i Districtes","Plano con Trama urbana, Topónimos, Numeración postal, Transportes, Barrios y Distritos","Map showing the urban fabric, place names, postal numbering, transport, neighbourhoods and districts","Ciutat","Ciudad","City",0,20120508000000,20191001000000,"http://w20.bcn.cat/cartobcn?prod=64",0,0,0,0,0,0,0,1,0,0,0,0,"ED50 EPSG:23031","http://w20.bcn.cat/CartoBCN/getFile.ashx?prod=64.BARCELONA.22"
"1_14",1,14,"Guia Urbana","Guía Urbana","Urban Guide","Productes amb Base Cartogràfica ""Guia urbana""","Productos con Base Cartográfica ""Guía Urbana""","Base Cartographic ""Urban Guide"" Products","Plànol A3 de GUIA URBANA de la ciutat en format PDF/JPG","Plano A3 de GUÍA URBANA de la ciudad en formato PDF/JPG","CITY MAP A3 in PDF/JPG format","Plànol de la Trama Urbana i amb Districtes","Plano de la Trama Urbana y con Distritos","Map showing the Urban Fabric and Districts","Ciutat","Ciudad","City",0,20120507000000,20191001000000,"http://w20.bcn.cat/cartobcn?prod=62",0,0,0,0,0,0,0,1,0,0,0,0,"ED50 EPSG:23031","http://w20.bcn.cat/CartoBCN/getFile.ashx?prod=62.BARCELONA.22"
"1_15",1,15,"Guia Urbana","Guía Urbana","Urban Guide","Productes amb Base Cartogràfica ""Guia urbana""","Productos con Base Cartográfica ""Guía Urbana""","Base Cartographic ""Urban Guide"" Products","Plànol A3 de GUIA URBANA de la ciutat en format PDF/JPG","Plano A3 de GUÍA URBANA de la ciudad en formato PDF/JPG","CITY MAP A3 in PDF/JPG format","Plànol de la Trama Urbana i amb Districtes","Plano de la Trama Urbana y con Distritos","Map showing the Urban Fabric and Districts","Ciutat","Ciudad","City",0,20120507000000,20191001000000,"http://w20.bcn.cat/cartobcn?prod=62",0,0,0,1,0,0,0,0,0,0,0,0,"ETRS89 EPSG:25831","http://w20.bcn.cat/CartoBCN/getFile.ashx?prod=62.BARCELONA.6"
"1_16",1,16,"Guia Urbana","Guía Urbana","Urban Guide","Productes amb Base Cartogràfica ""Guia urbana""","Productos con Base Cartográfica ""Guía Urbana""","Base Cartographic ""Urban Guide"" Products","Plànol A4 de GUIA URBANA de la ciutat en format PDF/JPG","Plano A4 de GUÍA URBANA de la ciudad en formato PDF/JPG","CITY MAP A4 in PDF/JPG format","Plànol de la Trama Urbana i amb Districtes","Plano de la Trama Urbana y con Distritos","Map showing the Urban Fabric and Districts","Ciutat","Ciudad","City",0,20120507000000,20191005000000,"http://w20.bcn.cat/cartobcn?prod=63",0,0,0,1,0,0,0,0,0,0,0,0,"ETRS89 EPSG:25831","http://w20.bcn.cat/CartoBCN/getFile.ashx?prod=63.BARCELONA.6"
"1_17",1,17,"Guia Urbana","Guía Urbana","Urban Guide","Productes amb Base Cartogràfica ""Guia urbana""","Productos con Base Cartográfica ""Guía Urbana""","Base Cartographic ""Urban Guide"" Products","Plànol A4 de GUIA URBANA de la ciutat en format PDF/JPG","Plano A4 de GUÍA URBANA de la ciudad en formato PDF/JPG","CITY MAP A4 in PDF/JPG format","Plànol de la Trama Urbana i amb Districtes","Plano de la Trama Urbana y con Distritos","Map showing the Urban Fabric and Districts","Ciutat","Ciudad","City",0,20120507000000,20191005000000,"http://w20.bcn.cat/cartobcn?prod=63",0,0,0,0,0,0,0,1,0,0,0,0,"ED50 EPSG:23031","http://w20.bcn.cat/CartoBCN/getFile.ashx?prod=63.BARCELONA.22"
"1_18",1,18,"Guia Urbana","Guía Urbana","Urban Guide","Productes amb Base Cartogràfica ""Guia urbana""","Productos con Base Cartográfica ""Guía Urbana""","Base Cartographic ""Urban Guide"" Products","Plànols 1:5.000 de GUIA URBANA per DISTRICTES i amb BARRIS en format PDF/JPG","Planos 1:5.000 de GUÍA URBANA por DISTRITOS y con BARRIOS en formato PDF/JPG","1:5,000 CITY MAPS by DISTRICTS with NEIGHBOURHOODS in PDF/JPG format","Plànol amb Trama urbana, Topònims, Numeració Postal, Transports i Barris","Plano con Trama urbana, Topónimos, Numeración Postal, Transportes y Barrios","Map showing the urban fabric, place names, postal numbering, transport and neighbourhoods","Districtes","Distritos","Districts",0,20101117000000,20191001000000,"http://w20.bcn.cat/cartobcn?prod=29",0,0,0,0,0,0,0,1,0,0,0,0,"ED50 EPSG:23031",""
"1_19",1,19,"Guia Urbana","Guía Urbana","Urban Guide","Productes amb Base Cartogràfica ""Guia urbana""","Productos con Base Cartográfica ""Guía Urbana""","Base Cartographic ""Urban Guide"" Products","Plànols 1:5.000 de GUIA URBANA per DISTRICTES i amb BARRIS en format PDF/JPG","Planos 1:5.000 de GUÍA URBANA por DISTRITOS y con BARRIOS en formato PDF/JPG","1:5,000 CITY MAPS by DISTRICTS with NEIGHBOURHOODS in PDF/JPG format","Plànol amb Trama urbana, Topònims, Numeració Postal, Transports i Barris","Plano con Trama urbana, Topónimos, Numeración Postal, Transportes y Barrios","Map showing the urban fabric, place names, postal numbering, transport and neighbourhoods","Districtes","Distritos","Districts",0,20101117000000,20191001000000,"http://w20.bcn.cat/cartobcn?prod=29",0,0,0,1,0,0,0,0,0,0,0,0,"ETRS89 EPSG:25831",""
"1_20",1,20,"Guia Urbana","Guía Urbana","Urban Guide","Productes amb Base Cartogràfica ""Guia urbana""","Productos con Base Cartográfica ""Guía Urbana""","Base Cartographic ""Urban Guide"" Products","SENYALITZACIÓ DE VIA PÚBLICA. ELEMENTS D'INVENTARI en format CAD","SEÑALIZACIÓN DE VÍA PÚBLICA. ELEMENTOS DE INVENTARIO en formato CAD","PUBLIC ROAD SIGNALING.  INVENTORY ELEMENTS in CAD format","Senyalització de via pública. Elements d'inventari en format CAD","Señalización de vía pública. Elementos de inventario en formato CAD","Public road signaling.  Inventory elements in CAD format","Fulls 1:1000 UTM","Hojas 1:1000 UTM","Sheet 1:1000 UTM",0,20200116000000,20210209000000,"http://w20.bcn.cat/cartobcn?prod=114",0,1,0,0,0,0,0,0,0,0,0,0,"ETRS89 EPSG:25831",""
"2_1",2,1,"Divisions Administratives","Divisiones Administrativas","Administrative Divisions","Dades de les diferents Divisions Administratives de la Ciutat","Datos de las diferentes Divisiones Administrativas de la Ciudad","Data from the different Administrative Divisions of the City","ETRS89. DIVISIONS ADMINISTRATIVES HISTÒRIQUES, vigents l'any 1996, en format CAD/SHP/KMZ","ETRS89. DIVISIONES ADMINISTRATIVAS HISTÓRICAS, vigentes el año 1996, en formato CAD/SHP/KMZ","ETRS89. HISTORICAL ADMINISTRATIVE division data, current the year 1996 (CAD/SHP/KMZ)","Informació Històrica de Districtes, Zones d'Estudi, Zones d'Estadística, Seccions Estadístiques i Seccions Censals vigents l'any 1996","Información Histórica de Distritos, Zonas de Estudio, Zonas de Estadística, Secciones Estadísticas y Secciones Censales vigentes el año 1996","Historical Information of districts, study zones, statistical zones, statistical areas and census areas current the year 1996","Ciutat","Ciudad","City",1,20150101000000,20150107000000,"http://w20.bcn.cat/cartobcn?prod=92",0,0,1,0,0,0,0,0,0,0,0,0,"WGS84 EPSG:32631","http://w20.bcn.cat/CartoBCN/getFile.ashx?prod=92.BARCELONA.14"
"2_2",2,2,"Divisions Administratives","Divisiones Administrativas","Administrative Divisions","Dades de les diferents Divisions Administratives de la Ciutat","Datos de las diferentes Divisiones Administrativas de la Ciudad","Data from the different Administrative Divisions of the City","ETRS89. DIVISIONS ADMINISTRATIVES HISTÒRIQUES, vigents l'any 1996, en format CAD/SHP/KMZ","ETRS89. DIVISIONES ADMINISTRATIVAS HISTÓRICAS, vigentes el año 1996, en formato CAD/SHP/KMZ","ETRS89. HISTORICAL ADMINISTRATIVE division data, current the year 1996 (CAD/SHP/KMZ)","Informació Històrica de Districtes, Zones d'Estudi, Zones d'Estadística, Seccions Estadístiques i Seccions Censals vigents l'any 1996","Información Histórica de Distritos, Zonas de Estudio, Zonas de Estadística, Secciones Estadísticas y Secciones Censales vigentes el año 1996","Historical Information of districts, study zones, statistical zones, statistical areas and census areas current the year 1996","Ciutat","Ciudad","City",1,20150101000000,20150107000000,"http://w20.bcn.cat/cartobcn?prod=92",1,0,0,0,0,0,0,0,0,0,0,0,"ETRS89 EPSG:25831","http://w20.bcn.cat/CartoBCN/getFile.ashx?prod=92.BARCELONA.26"
"2_3",2,3,"Divisions Administratives","Divisiones Administrativas","Administrative Divisions","Dades de les diferents Divisions Administratives de la Ciutat","Datos de las diferentes Divisiones Administrativas de la Ciudad","Data from the different Administrative Divisions of the City","ETRS89. DIVISIONS ADMINISTRATIVES HISTÒRIQUES, vigents l'any 1996, en format CAD/SHP/KMZ","ETRS89. DIVISIONES ADMINISTRATIVAS HISTÓRICAS, vigentes el año 1996, en formato CAD/SHP/KMZ","ETRS89. HISTORICAL ADMINISTRATIVE division data, current the year 1996 (CAD/SHP/KMZ)","Informació Històrica de Districtes, Zones d'Estudi, Zones d'Estadística, Seccions Estadístiques i Seccions Censals vigents l'any 1996","Información Histórica de Distritos, Zonas de Estudio, Zonas de Estadística, Secciones Estadísticas y Secciones Censales vigentes el año 1996","Historical Information of districts, study zones, statistical zones, statistical areas and census areas current the year 1996","Ciutat","Ciudad","City",1,20150101000000,20150107000000,"http://w20.bcn.cat/cartobcn?prod=92",0,1,0,0,0,0,0,0,0,0,0,0,"ETRS89 EPSG:25831","http://w20.bcn.cat/CartoBCN/getFile.ashx?prod=92.BARCELONA.28"
"2_4",2,4,"Divisions Administratives","Divisiones Administrativas","Administrative Divisions","Dades de les diferents Divisions Administratives de la Ciutat","Datos de las diferentes Divisiones Administrativas de la Ciudad","Data from the different Administrative Divisions of the City","ETRS89. DIVISIONS ADMINISTRATIVES HISTÒRIQUES, vigents l'any 1996, en format CAD/SHP/KMZ","ETRS89. DIVISIONES ADMINISTRATIVAS HISTÓRICAS, vigentes el año 1996, en formato CAD/SHP/KMZ","ETRS89. HISTORICAL ADMINISTRATIVE division data, current the year 1996 (CAD/SHP/KMZ)","Informació Històrica de Districtes, Zones d'Estudi, Zones d'Estadística, Seccions Estadístiques i Seccions Censals vigents l'any 1996","Información Histórica de Distritos, Zonas de Estudio, Zonas de Estadística, Secciones Estadísticas y Secciones Censales vigentes el año 1996","Historical Information of districts, study zones, statistical zones, statistical areas and census areas current the year 1996","Ciutat","Ciudad","City",1,20150101000000,20150107000000,"http://w20.bcn.cat/cartobcn?prod=92",0,0,0,0,0,0,0,0,0,1,0,0,"ETRS89 EPSG:25831","http://w20.bcn.cat/CartoBCN/getFile.ashx?prod=92.BARCELONA.30"
"2_5",2,5,"Divisions Administratives","Divisiones Administrativas","Administrative Divisions","Dades de les diferents Divisions Administratives de la Ciutat","Datos de las diferentes Divisiones Administrativas de la Ciudad","Data from the different Administrative Divisions of the City","ETRS89. DIVISIONS ADMINISTRATIVES HISTÒRIQUES, vigents l'any 2010, en format CAD/SHP/KMZ","ETRS89. DIVISIONES ADMINISTRATIVAS HISTÓRICAS, vigentes el año 2010, en formato CAD/SHP/KMZ","ETRS89. HISTORICAL ADMINISTRATIVE division data, current the year 2010 (CAD/SHP/KMZ)","Informació Històrica de Districtes, Zones d'Estudi, Zones d'Estadística, Seccions Estadístiques i Seccions Censals vigents l'any 2010","Información Histórica de Distritos, Zonas de Estudio, Zonas de Estadística, Secciones Estadísticas y Secciones Censales vigentes el año 2010","Historical Information of districts, study zones, statistical zones, statistical areas and census areas current the year 2010","Ciutat","Ciudad","City",1,20150101000000,20150107000000,"http://w20.bcn.cat/cartobcn?prod=82",1,0,0,0,0,0,0,0,0,0,0,0,"ETRS89 EPSG:25831","http://w20.bcn.cat/CartoBCN/getFile.ashx?prod=82.BARCELONA.34"
"2_6",2,6,"Divisions Administratives","Divisiones Administrativas","Administrative Divisions","Dades de les diferents Divisions Administratives de la Ciutat","Datos de las diferentes Divisiones Administrativas de la Ciudad","Data from the different Administrative Divisions of the City","ETRS89. DIVISIONS ADMINISTRATIVES HISTÒRIQUES, vigents l'any 2010, en format CAD/SHP/KMZ","ETRS89. DIVISIONES ADMINISTRATIVAS HISTÓRICAS, vigentes el año 2010, en formato CAD/SHP/KMZ","ETRS89. HISTORICAL ADMINISTRATIVE division data, current the year 2010 (CAD/SHP/KMZ)","Informació Històrica de Districtes, Zones d'Estudi, Zones d'Estadística, Seccions Estadístiques i Seccions Censals vigents l'any 2010","Información Histórica de Distritos, Zonas de Estudio, Zonas de Estadística, Secciones Estadísticas y Secciones Censales vigentes el año 2010","Historical Information of districts, study zones, statistical zones, statistical areas and census areas current the year 2010","Ciutat","Ciudad","City",1,20150101000000,20150107000000,"http://w20.bcn.cat/cartobcn?prod=82",0,0,0,0,0,0,0,0,0,1,0,0,"ETRS89 EPSG:25831","http://w20.bcn.cat/CartoBCN/getFile.ashx?prod=82.BARCELONA.30"
"2_7",2,7,"Divisions Administratives","Divisiones Administrativas","Administrative Divisions","Dades de les diferents Divisions Administratives de la Ciutat","Datos de las diferentes Divisiones Administrativas de la Ciudad","Data from the different Administrative Divisions of the City","ETRS89. DIVISIONS ADMINISTRATIVES HISTÒRIQUES, vigents l'any 2010, en format CAD/SHP/KMZ","ETRS89. DIVISIONES ADMINISTRATIVAS HISTÓRICAS, vigentes el año 2010, en formato CAD/SHP/KMZ","ETRS89. HISTORICAL ADMINISTRATIVE division data, current the year 2010 (CAD/SHP/KMZ)","Informació Històrica de Districtes, Zones d'Estudi, Zones d'Estadística, Seccions Estadístiques i Seccions Censals vigents l'any 2010","Información Histórica de Distritos, Zonas de Estudio, Zonas de Estadística, Secciones Estadísticas y Secciones Censales vigentes el año 2010","Historical Information of districts, study zones, statistical zones, statistical areas and census areas current the year 2010","Ciutat","Ciudad","City",1,20150101000000,20150107000000,"http://w20.bcn.cat/cartobcn?prod=82",0,1,0,0,0,0,0,0,0,0,0,0,"ETRS89 EPSG:25831","http://w20.bcn.cat/CartoBCN/getFile.ashx?prod=82.BARCELONA.28"
"2_8",2,8,"Divisions Administratives","Divisiones Administrativas","Administrative Divisions","Dades de les diferents Divisions Administratives de la Ciutat","Datos de las diferentes Divisiones Administrativas de la Ciudad","Data from the different Administrative Divisions of the City","ETRS89. DIVISIONS ADMINISTRATIVES HISTÒRIQUES, vigents l'any 2010, en format CAD/SHP/KMZ","ETRS89. DIVISIONES ADMINISTRATIVAS HISTÓRICAS, vigentes el año 2010, en formato CAD/SHP/KMZ","ETRS89. HISTORICAL ADMINISTRATIVE division data, current the year 2010 (CAD/SHP/KMZ)","Informació Històrica de Districtes, Zones d'Estudi, Zones d'Estadística, Seccions Estadístiques i Seccions Censals vigents l'any 2010","Información Histórica de Distritos, Zonas de Estudio, Zonas de Estadística, Secciones Estadísticas y Secciones Censales vigentes el año 2010","Historical Information of districts, study zones, statistical zones, statistical areas and census areas current the year 2010","Ciutat","Ciudad","City",1,20150101000000,20150107000000,"http://w20.bcn.cat/cartobcn?prod=82",0,0,1,0,0,0,0,0,0,0,0,0,"WGS84 EPSG:32631","http://w20.bcn.cat/CartoBCN/getFile.ashx?prod=82.BARCELONA.14"
"2_9",2,9,"Divisions Administratives","Divisiones Administrativas","Administrative Divisions","Dades de les diferents Divisions Administratives de la Ciutat","Datos de las diferentes Divisiones Administrativas de la Ciudad","Data from the different Administrative Divisions of the City","ETRS89. DIVISIONS ADMINISTRATIVES HISTÒRIQUES, vigents l'any 2014, en format CAD/SHP/KMZ","ETRS89. DIVISIONES ADMINISTRATIVAS HISTÓRICAS, vigentes el año 2014, en formato CAD/SHP/KMZ","ETRS89. HISTORICAL ADMINISTRATIVE DIVISION data current the year 2014, (CAD/SHP/KMZ)","Informació de Districtes, Barris, Àrea Interès, AEB i Seccions Censals amb dades de Població","Información de Distritos, Barrios, Área Interés, AEB y Secciones Censales con datos de Población","Information on districts, neighbourhoods, basic statistical areas (AEB) and census areas with population data","Ciutat","Ciudad","City",1,20150101000000,20191107000000,"http://w20.bcn.cat/cartobcn?prod=111",1,0,0,0,0,0,0,0,0,0,0,0,"ETRS89 EPSG:25831","http://w20.bcn.cat/CartoBCN/getFile.ashx?prod=111.BARCELONA.26"
"2_10",2,10,"Divisions Administratives","Divisiones Administrativas","Administrative Divisions","Dades de les diferents Divisions Administratives de la Ciutat","Datos de las diferentes Divisiones Administrativas de la Ciudad","Data from the different Administrative Divisions of the City","ETRS89. DIVISIONS ADMINISTRATIVES HISTÒRIQUES, vigents l'any 2014, en format CAD/SHP/KMZ","ETRS89. DIVISIONES ADMINISTRATIVAS HISTÓRICAS, vigentes el año 2014, en formato CAD/SHP/KMZ","ETRS89. HISTORICAL ADMINISTRATIVE DIVISION data current the year 2014, (CAD/SHP/KMZ)","Informació de Districtes, Barris, Àrea Interès, AEB i Seccions Censals amb dades de Població","Información de Distritos, Barrios, Área Interés, AEB y Secciones Censales con datos de Población","Information on districts, neighbourhoods, basic statistical areas (AEB) and census areas with population data","Ciutat","Ciudad","City",1,20150101000000,20191107000000,"http://w20.bcn.cat/cartobcn?prod=111",0,1,0,0,0,0,0,0,0,0,0,0,"ETRS89 EPSG:25831","http://w20.bcn.cat/CartoBCN/getFile.ashx?prod=111.BARCELONA.28"
"2_11",2,11,"Divisions Administratives","Divisiones Administrativas","Administrative Divisions","Dades de les diferents Divisions Administratives de la Ciutat","Datos de las diferentes Divisiones Administrativas de la Ciudad","Data from the different Administrative Divisions of the City","ETRS89. DIVISIONS ADMINISTRATIVES HISTÒRIQUES, vigents l'any 2014, en format CAD/SHP/KMZ","ETRS89. DIVISIONES ADMINISTRATIVAS HISTÓRICAS, vigentes el año 2014, en formato CAD/SHP/KMZ","ETRS89. HISTORICAL ADMINISTRATIVE DIVISION data current the year 2014, (CAD/SHP/KMZ)","Informació de Districtes, Barris, Àrea Interès, AEB i Seccions Censals amb dades de Població","Información de Distritos, Barrios, Área Interés, AEB y Secciones Censales con datos de Población","Information on districts, neighbourhoods, basic statistical areas (AEB) and census areas with population data","Ciutat","Ciudad","City",1,20150101000000,20191107000000,"http://w20.bcn.cat/cartobcn?prod=111",0,0,1,0,0,0,0,0,0,0,0,0,"WGS84 EPSG:32631","http://w20.bcn.cat/CartoBCN/getFile.ashx?prod=111.BARCELONA.14"
"2_12",2,12,"Divisions Administratives","Divisiones Administrativas","Administrative Divisions","Dades de les diferents Divisions Administratives de la Ciutat","Datos de las diferentes Divisiones Administrativas de la Ciudad","Data from the different Administrative Divisions of the City","ETRS89. DIVISIONS ADMINISTRATIVES HISTÒRIQUES, vigents l'any 2014, en format CAD/SHP/KMZ","ETRS89. DIVISIONES ADMINISTRATIVAS HISTÓRICAS, vigentes el año 2014, en formato CAD/SHP/KMZ","ETRS89. HISTORICAL ADMINISTRATIVE DIVISION data current the year 2014, (CAD/SHP/KMZ)","Informació de Districtes, Barris, Àrea Interès, AEB i Seccions Censals amb dades de Població","Información de Distritos, Barrios, Área Interés, AEB y Secciones Censales con datos de Población","Information on districts, neighbourhoods, basic statistical areas (AEB) and census areas with population data","Ciutat","Ciudad","City",1,20150101000000,20191107000000,"http://w20.bcn.cat/cartobcn?prod=111",0,0,0,0,0,0,0,0,0,1,0,0,"ETRS89 EPSG:25831","http://w20.bcn.cat/CartoBCN/getFile.ashx?prod=111.BARCELONA.30"
"2_13",2,13,"Divisions Administratives","Divisiones Administrativas","Administrative Divisions","Dades de les diferents Divisions Administratives de la Ciutat","Datos de las diferentes Divisiones Administrativas de la Ciudad","Data from the different Administrative Divisions of the City","Unitats Administratives VIGENTS de Barcelona - CAD","Unidades Administrativas VIGENTES de Barcelona - CAD","Valid Administrative Units of Barcelona - CAD","Informació de Districtes, Barris, Àrea Interès, AEB i Seccions Censals","Información de Distritos, Barrios, Área Interés, AEB y Secciones Censales","Information on districts, neighbourhoods, basic statistical areas (AEB) and census areas","Ciutat","Ciudad","City",0,20180528000000,20191227000000,"http://w20.bcn.cat/cartobcn?prod=97",0,1,0,0,0,0,0,0,0,0,0,0,"ETRS89 EPSG:25831","http://w20.bcn.cat/CartoBCN/getFile.ashx?prod=97.BARCELONA.1"
"2_14",2,14,"Divisions Administratives","Divisiones Administrativas","Administrative Divisions","Dades de les diferents Divisions Administratives de la Ciutat","Datos de las diferentes Divisiones Administrativas de la Ciudad","Data from the different Administrative Divisions of the City","Unitats Administratives VIGENTS de Barcelona - GIS","Unidades Administrativas VIGENTES de Barcelona - GIS","VALID Administrative Units of Barcelona - GIS","Informació de Districtes, Barris, Àrea Interès, AEB i Seccions Censals","Información de Distritos, Barrios, Área Interés, AEB y Secciones Censales","Information on districts, neighbourhoods, basic statistical areas (AEB) and census areas","Ciutat","Ciudad","City",0,20181128000000,20200311000000,"http://w20.bcn.cat/cartobcn?prod=102",0,0,0,0,0,0,0,0,1,0,0,0,"WGS84 EPSG:32631","http://w20.bcn.cat/CartoBCN/getFile.ashx?prod=102.BARCELONA.41"
"2_15",2,15,"Divisions Administratives","Divisiones Administrativas","Administrative Divisions","Dades de les diferents Divisions Administratives de la Ciutat","Datos de las diferentes Divisiones Administrativas de la Ciudad","Data from the different Administrative Divisions of the City","Unitats Administratives VIGENTS de Barcelona - GIS","Unidades Administrativas VIGENTES de Barcelona - GIS","VALID Administrative Units of Barcelona - GIS","Informació de Districtes, Barris, Àrea Interès, AEB i Seccions Censals","Información de Distritos, Barrios, Área Interés, AEB y Secciones Censales","Information on districts, neighbourhoods, basic statistical areas (AEB) and census areas","Ciutat","Ciudad","City",0,20181128000000,20200311000000,"http://w20.bcn.cat/cartobcn?prod=102",0,0,1,0,0,0,0,0,0,0,0,0,"WGS84 EPSG:32631","http://w20.bcn.cat/CartoBCN/getFile.ashx?prod=102.BARCELONA.40"
"2_16",2,16,"Divisions Administratives","Divisiones Administrativas","Administrative Divisions","Dades de les diferents Divisions Administratives de la Ciutat","Datos de las diferentes Divisiones Administrativas de la Ciudad","Data from the different Administrative Divisions of the City","Unitats Administratives VIGENTS de Barcelona - GIS","Unidades Administrativas VIGENTES de Barcelona - GIS","VALID Administrative Units of Barcelona - GIS","Informació de Districtes, Barris, Àrea Interès, AEB i Seccions Censals","Información de Distritos, Barrios, Área Interés, AEB y Secciones Censales","Information on districts, neighbourhoods, basic statistical areas (AEB) and census areas","Ciutat","Ciudad","City",0,20181128000000,20200311000000,"http://w20.bcn.cat/cartobcn?prod=102",1,0,0,0,0,0,0,0,0,0,0,0,"ETRS89 EPSG:25831","http://w20.bcn.cat/CartoBCN/getFile.ashx?prod=102.BARCELONA.2"
"3_1",3,1,"Parcel·lari","Parcelario","Plots","Informació de Parcel·lari, Edificació, Volumetria i Numeració Postal","Información de Parcelas, Edificación, Volumetría y Numeración Postal","Information of Parcels, Building, Volumetric and Postal Addressing","ETRS89. PARCEL·LARI. Dades de la CIUTAT en format SHP","ETRS89. PARCELARIO. Datos de la CIUDAD en formato SHP","ETRS89. PARCELS data in SHP format by DISTRICT","Informació de Parcel·lari, Illes i Numeració Postal","Información de Parcelario, Manzanas y Numeración Postal","Information of Parcels, Blocks and Postal Addressing","Ciutat","Ciudad","City",1,20150101000000,20170205000000,"http://w20.bcn.cat/cartobcn?prod=78",1,0,0,0,0,0,0,0,0,0,0,0,"ETRS89 EPSG:25831","http://w20.bcn.cat/CartoBCN/getFile.ashx?prod=78.BARCELONA.34"
"3_2",3,2,"Parcel·lari","Parcelario","Plots","Informació de Parcel·lari, Edificació, Volumetria i Numeració Postal","Información de Parcelas, Edificación, Volumetría y Numeración Postal","Information of Parcels, Building, Volumetric and Postal Addressing","ETRS89. PARCEL·LARI. Dades per DISTRICTE en format CAD","ETRS89. PARCELARIO. Datos por DISTRITO en formato CAD","ETRS89. PARCELS data in CAD format by DISTRICT","Informació de Parcel·lari i Numeració Postal","Información de Parcelas y Numeración Postal","Information of Parcels and Postal Addressing","Districtes","Distritos","Districts",1,20150101000000,20150107000000,"http://w20.bcn.cat/cartobcn?prod=66",0,1,0,0,0,0,0,0,0,0,0,0,"ETRS89 EPSG:25831",""
"3_3",3,3,"Parcel·lari","Parcelario","Plots","Informació de Parcel·lari, Edificació, Volumetria i Numeració Postal","Información de Parcelas, Edificación, Volumetría y Numeración Postal","Information of Parcels, Building, Volumetric and Postal Addressing","ETRS89. PARCEL·LARI. Dades per DISTRICTE en format CAD","ETRS89. PARCELARIO. Datos por DISTRITO en formato CAD","ETRS89. PARCELS data in CAD format by DISTRICT","Informació de Parcel·lari i Numeració Postal","Información de Parcelas y Numeración Postal","Information of Parcels and Postal Addressing","Districtes","Distritos","Districts",1,20150101000000,20150107000000,"http://w20.bcn.cat/cartobcn?prod=66",0,0,0,0,0,0,0,0,0,1,0,0,"ETRS89 EPSG:25831",""
"3_4",3,4,"Parcel·lari","Parcelario","Plots","Informació de Parcel·lari, Edificació, Volumetria i Numeració Postal","Información de Parcelas, Edificación, Volumetría y Numeración Postal","Information of Parcels, Building, Volumetric and Postal Addressing","ETRS89. PARCEL·LARI. Dades per FULL 1:1.000 en format CAD","ETRS89. PARCELARIO por HOJAS 1:1000 en formato CAD","ETRS89. LAND PARCEL data on 1:1,000 maps (CAD)","Informació de Parcel·lari, Edificació, Volumetria, Numeració Postal, Divisions Administratives i Toponímia","Información de Parcelas, Edificación, Volumetría, Numeración Postal, Divisiones Administrativas y Toponimia","Information on land parcels, construction, building volumetry, postal numbering, administrative divisions and place names","Fulls 1:1000 UTM (cartografia històrica)","Hojas 1:1000 UTM (cartografía histórica)","Sheet UTM 1:1000 (historical cartography)",1,20150101000000,20160316000000,"http://w20.bcn.cat/cartobcn?prod=71",0,0,0,0,0,0,0,0,0,1,0,0,"ETRS89 EPSG:25831",""
"3_5",3,5,"Parcel·lari","Parcelario","Plots","Informació de Parcel·lari, Edificació, Volumetria i Numeració Postal","Información de Parcelas, Edificación, Volumetría y Numeración Postal","Information of Parcels, Building, Volumetric and Postal Addressing","ETRS89. PARCEL·LARI. Dades per FULL 1:1.000 en format CAD","ETRS89. PARCELARIO por HOJAS 1:1000 en formato CAD","ETRS89. LAND PARCEL data on 1:1,000 maps (CAD)","Informació de Parcel·lari, Edificació, Volumetria, Numeració Postal, Divisions Administratives i Toponímia","Información de Parcelas, Edificación, Volumetría, Numeración Postal, Divisiones Administrativas y Toponimia","Information on land parcels, construction, building volumetry, postal numbering, administrative divisions and place names","Fulls 1:1000 UTM (cartografia històrica)","Hojas 1:1000 UTM (cartografía histórica)","Sheet UTM 1:1000 (historical cartography)",1,20150101000000,20160316000000,"http://w20.bcn.cat/cartobcn?prod=71",0,1,0,0,0,0,0,0,0,0,0,0,"ETRS89 EPSG:25831",""
"3_6",3,6,"Parcel·lari","Parcelario","Plots","Informació de Parcel·lari, Edificació, Volumetria i Numeració Postal","Información de Parcelas, Edificación, Volumetría y Numeración Postal","Information of Parcels, Building, Volumetric and Postal Addressing","ETRS89. SUBPARCEL·LARI amb ALÇADES per DISTRICTES en format CAD/SHP","ETRS89. SUBPARCELARIO con ALTURAS de Edificios por Distritos en formato CAD/SHP","ETRS89. SUBPARCELS AND Buildings HEIGHTS by Districts in CAD/SHP format","Informació de subparcel·les classificades segons el número de Plantes Edificades i de Plantes Subterrànies","Información de subparcelas clasificadas según el número de Plantas Edificadas y de Plantas Subterráneas","Subplots information classified by the number of built floors and underground floors","Districtes","Distritos","Districts",1,20150101000000,20150107000000,"http://w20.bcn.cat/cartobcn?prod=75",1,0,0,0,0,0,0,0,0,0,0,0,"ETRS89 EPSG:25831",""
"3_7",3,7,"Parcel·lari","Parcelario","Plots","Informació de Parcel·lari, Edificació, Volumetria i Numeració Postal","Información de Parcelas, Edificación, Volumetría y Numeración Postal","Information of Parcels, Building, Volumetric and Postal Addressing","ETRS89. SUBPARCEL·LARI amb ALÇADES per DISTRICTES en format CAD/SHP","ETRS89. SUBPARCELARIO con ALTURAS de Edificios por Distritos en formato CAD/SHP","ETRS89. SUBPARCELS AND Buildings HEIGHTS by Districts in CAD/SHP format","Informació de subparcel·les classificades segons el número de Plantes Edificades i de Plantes Subterrànies","Información de subparcelas clasificadas según el número de Plantas Edificadas y de Plantas Subterráneas","Subplots information classified by the number of built floors and underground floors","Districtes","Distritos","Districts",1,20150101000000,20150107000000,"http://w20.bcn.cat/cartobcn?prod=75",0,1,0,0,0,0,0,0,0,0,0,0,"ETRS89 EPSG:25831",""
"3_8",3,8,"Parcel·lari","Parcelario","Plots","Informació de Parcel·lari, Edificació, Volumetria i Numeració Postal","Información de Parcelas, Edificación, Volumetría y Numeración Postal","Information of Parcels, Building, Volumetric and Postal Addressing","ETRS89. SUBPARCEL·LARI amb ALÇADES per DISTRICTES en format CAD/SHP","ETRS89. SUBPARCELARIO con ALTURAS de Edificios por Distritos en formato CAD/SHP","ETRS89. SUBPARCELS AND Buildings HEIGHTS by Districts in CAD/SHP format","Informació de subparcel·les classificades segons el número de Plantes Edificades i de Plantes Subterrànies","Información de subparcelas clasificadas según el número de Plantas Edificadas y de Plantas Subterráneas","Subplots information classified by the number of built floors and underground floors","Districtes","Distritos","Districts",1,20150101000000,20150107000000,"http://w20.bcn.cat/cartobcn?prod=75",0,0,0,0,0,0,0,0,0,1,0,0,"ETRS89 EPSG:25831",""
"3_9",3,9,"Parcel·lari","Parcelario","Plots","Informació de Parcel·lari, Edificació, Volumetria i Numeració Postal","Información de Parcelas, Edificación, Volumetría y Numeración Postal","Information of Parcels, Building, Volumetric and Postal Addressing","Illes i Parcel·les de Barcelona - CAD","Islas y Parcelas de Barcelona - CAD","Islands and Plots of Barcelona - CAD","Illes i Parcel·les de Barcelona - CAD","Islas y Parcelas de Barcelona - CAD","Islands and Plots of Barcelona - CAD","Ciutat","Ciudad","City",0,20181119000000,20210330071430,"http://w20.bcn.cat/cartobcn?prod=96",0,1,0,0,0,0,0,0,0,0,0,0,"ETRS89 EPSG:25831","http://w20.bcn.cat/CartoBCN/getFile.ashx?prod=96.BARCELONA.1"
"3_10",3,10,"Parcel·lari","Parcelario","Plots","Informació de Parcel·lari, Edificació, Volumetria i Numeració Postal","Información de Parcelas, Edificación, Volumetría y Numeración Postal","Information of Parcels, Building, Volumetric and Postal Addressing","Illes i Parcel·les de Barcelona - GIS","Islas y Parcelas de Barcelona - GIS","Islands and Plots of Barcelona - GIS","Illes i Parcel·les de Barcelona - GIS","Islas y Parcelas de Barcelona - GIS","Islands and Plots of Barcelona - GIS","Ciutat","Ciudad","City",0,20181119000000,20210330071430,"http://w20.bcn.cat/cartobcn?prod=109",1,0,0,0,0,0,0,0,0,0,0,0,"ETRS89 EPSG:25831","http://w20.bcn.cat/CartoBCN/getFile.ashx?prod=109.BARCELONA.2"
"4_1",4,1,"Geocodificació  /  Nomenclàtor","Geocodificación  /  Nomenclátor","Geocoding   /  Gazetteer","Informacions de Posicionament i Denominacions Geogràfiques","Informaciones de Posicionamiento y Denominaciones Geográficas","Positioning Information and Geographical Names","ADRECES ELEMENTALS en format Geopackage","DIRECCIONES ELEMENTALES en formato Geopackage","ELEMENTAL ADDRESSES in Geopackage format","Individualització de cadascuna de les adreces contingudes en un tram de numeració.","Individualización de cada una de las direcciones contenidas en un tramo de numeración.","Individualization of each of the addresses contained in a numbering section.","Ciutat","Ciudad","City",0,20201220000000,20210402183401,"http://w20.bcn.cat/cartobcn?prod=119",0,0,0,0,0,0,0,0,0,0,0,1,"ETRS89 EPSG:25831","http://w20.bcn.cat/CartoBCN/getFile.ashx?prod=119.BARCELONA.42"
"4_2",4,2,"Geocodificació  /  Nomenclàtor","Geocodificación  /  Nomenclátor","Geocoding   /  Gazetteer","Informacions de Posicionament i Denominacions Geogràfiques","Informaciones de Posicionamiento y Denominaciones Geográficas","Positioning Information and Geographical Names","Adreces de Barcelona - CAD","Direcciones de Barcelona - CAD","Addresses of Barcelona - CAD","Adreces de Barcelona - CAD","Direcciones de Barcelona - CAD","Addresses of Barcelona - CAD","Ciutat","Ciudad","City",0,20180530000000,20210330071430,"http://w20.bcn.cat/cartobcn?prod=94",0,1,0,0,0,0,0,0,0,0,0,0,"ETRS89 EPSG:25831","http://w20.bcn.cat/CartoBCN/getFile.ashx?prod=94.BARCELONA.1"
"4_3",4,3,"Geocodificació  /  Nomenclàtor","Geocodificación  /  Nomenclátor","Geocoding   /  Gazetteer","Informacions de Posicionament i Denominacions Geogràfiques","Informaciones de Posicionamiento y Denominaciones Geográficas","Positioning Information and Geographical Names","Adreces de Barcelona - GIS","Direcciones de Barcelona - GIS","Addresses of Barcelona - GIS","Adreces de Barcelona - GIS","Direcciones de Barcelona - GIS","Addresses of Barcelona - GIS","Ciutat","Ciudad","City",0,20180530000000,20210330071430,"http://w20.bcn.cat/cartobcn?prod=104",1,0,0,0,0,0,0,0,0,0,0,0,"ETRS89 EPSG:25831","http://w20.bcn.cat/CartoBCN/getFile.ashx?prod=104.BARCELONA.2"
"4_4",4,4,"Geocodificació  /  Nomenclàtor","Geocodificación  /  Nomenclátor","Geocoding   /  Gazetteer","Informacions de Posicionament i Denominacions Geogràfiques","Informaciones de Posicionamiento y Denominaciones Geográficas","Positioning Information and Geographical Names","Dades de GRAF VIARI per tram de carrer en format CAD/SHP/CSV/KMZ","Datos de GRAFO VIARIO por tramo de calle en formato CAD/SHP/CSV","Road graph data by street section (CAD/SHP/CSV) ","Informació per Tram de vial: Codi carrer AJB, Codi carrer INE, Nom de carrer, Numeració postal i Tipus de vial","Información por Tramo de vial: Codigo calle AjB, Codigo calle INE, Nombre de calle, Numeración postal y Tipo de vial","Information by street section: district, Barcelona City Council (AJB) street code, National Institute of Statistics (INE) street code, street name, postal numbering and road type","Ciutat","Ciudad","City",0,20150101000000,20190501000000,"http://w20.bcn.cat/cartobcn?prod=77",0,1,0,0,0,0,0,0,0,0,0,0,"ETRS89 EPSG:25831","http://w20.bcn.cat/CartoBCN/getFile.ashx?prod=77.BARCELONA.28"
"4_5",4,5,"Geocodificació  /  Nomenclàtor","Geocodificación  /  Nomenclátor","Geocoding   /  Gazetteer","Informacions de Posicionament i Denominacions Geogràfiques","Informaciones de Posicionamiento y Denominaciones Geográficas","Positioning Information and Geographical Names","Dades de GRAF VIARI per tram de carrer en format CAD/SHP/CSV/KMZ","Datos de GRAFO VIARIO por tramo de calle en formato CAD/SHP/CSV","Road graph data by street section (CAD/SHP/CSV) ","Informació per Tram de vial: Codi carrer AJB, Codi carrer INE, Nom de carrer, Numeració postal i Tipus de vial","Información por Tramo de vial: Codigo calle AjB, Codigo calle INE, Nombre de calle, Numeración postal y Tipo de vial","Information by street section: district, Barcelona City Council (AJB) street code, National Institute of Statistics (INE) street code, street name, postal numbering and road type","Ciutat","Ciudad","City",0,20150101000000,20190501000000,"http://w20.bcn.cat/cartobcn?prod=77",0,0,1,0,0,0,0,0,0,0,0,0,"WGS84 EPSG:32631","http://w20.bcn.cat/CartoBCN/getFile.ashx?prod=77.BARCELONA.14"
"4_6",4,6,"Geocodificació  /  Nomenclàtor","Geocodificación  /  Nomenclátor","Geocoding   /  Gazetteer","Informacions de Posicionament i Denominacions Geogràfiques","Informaciones de Posicionamiento y Denominaciones Geográficas","Positioning Information and Geographical Names","Dades de GRAF VIARI per tram de carrer en format CAD/SHP/CSV/KMZ","Datos de GRAFO VIARIO por tramo de calle en formato CAD/SHP/CSV","Road graph data by street section (CAD/SHP/CSV) ","Informació per Tram de vial: Codi carrer AJB, Codi carrer INE, Nom de carrer, Numeració postal i Tipus de vial","Información por Tramo de vial: Codigo calle AjB, Codigo calle INE, Nombre de calle, Numeración postal y Tipo de vial","Information by street section: district, Barcelona City Council (AJB) street code, National Institute of Statistics (INE) street code, street name, postal numbering and road type","Ciutat","Ciudad","City",0,20150101000000,20190501000000,"http://w20.bcn.cat/cartobcn?prod=77",0,0,0,0,0,0,0,0,0,1,0,0,"ETRS89 EPSG:25831","http://w20.bcn.cat/CartoBCN/getFile.ashx?prod=77.BARCELONA.30"
"4_7",4,7,"Geocodificació  /  Nomenclàtor","Geocodificación  /  Nomenclátor","Geocoding   /  Gazetteer","Informacions de Posicionament i Denominacions Geogràfiques","Informaciones de Posicionamiento y Denominaciones Geográficas","Positioning Information and Geographical Names","Dades de GRAF VIARI per tram de carrer en format CAD/SHP/CSV/KMZ","Datos de GRAFO VIARIO por tramo de calle en formato CAD/SHP/CSV","Road graph data by street section (CAD/SHP/CSV) ","Informació per Tram de vial: Codi carrer AJB, Codi carrer INE, Nom de carrer, Numeració postal i Tipus de vial","Información por Tramo de vial: Codigo calle AjB, Codigo calle INE, Nombre de calle, Numeración postal y Tipo de vial","Information by street section: district, Barcelona City Council (AJB) street code, National Institute of Statistics (INE) street code, street name, postal numbering and road type","Ciutat","Ciudad","City",0,20150101000000,20190501000000,"http://w20.bcn.cat/cartobcn?prod=77",1,0,0,0,0,0,0,0,0,0,0,0,"ETRS89 EPSG:25831","http://w20.bcn.cat/CartoBCN/getFile.ashx?prod=77.BARCELONA.34"
"4_8",4,8,"Geocodificació  /  Nomenclàtor","Geocodificación  /  Nomenclátor","Geocoding   /  Gazetteer","Informacions de Posicionament i Denominacions Geogràfiques","Informaciones de Posicionamiento y Denominaciones Geográficas","Positioning Information and Geographical Names","Dades de GRAF VIARI per tram de carrer en format CAD/SHP/CSV/KMZ","Datos de GRAFO VIARIO por tramo de calle en formato CAD/SHP/CSV","Road graph data by street section (CAD/SHP/CSV) ","Informació per Tram de vial: Codi carrer AJB, Codi carrer INE, Nom de carrer, Numeració postal i Tipus de vial","Información por Tramo de vial: Codigo calle AjB, Codigo calle INE, Nombre de calle, Numeración postal y Tipo de vial","Information by street section: district, Barcelona City Council (AJB) street code, National Institute of Statistics (INE) street code, street name, postal numbering and road type","Ciutat","Ciudad","City",0,20150101000000,20190501000000,"http://w20.bcn.cat/cartobcn?prod=77",0,0,0,0,0,1,0,0,0,0,0,0,"ETRS89","http://w20.bcn.cat/CartoBCN/getFile.ashx?prod=77.BARCELONA.32"
"4_9",4,9,"Geocodificació  /  Nomenclàtor","Geocodificación  /  Nomenclátor","Geocoding   /  Gazetteer","Informacions de Posicionament i Denominacions Geogràfiques","Informaciones de Posicionamiento y Denominaciones Geográficas","Positioning Information and Geographical Names","ETRS89. ADRECES de carrer en format SHP/CSV/KMZ","ETRS89. DIRECCIONES de calle en formato SHP/CSV/KMZ","ETRS89. Street ADDRESSES (SHP/CSV/KMZ)","Informació per Adreça: Tipus Numeració, Codi carrer AJB, Codi carrer INE, Tipus via, Descripció Tipus via, Nom carrer, Illa, Parcel·la, Solar, Secció Censal, Secció Estadística, AEB, Barri i Districte Municipal","Información por Dirección: Tipo Numeración, Código calle AJB, Código calle INE, Tipo vía, Descripción Tipo vía, Nombre calle, Manzana, Parcela, Solar, Sección Censal, Sección Estadística, AEB, Barrio, Distrito, Área Básica de Salud y Áreas Verdes","Information by Address: numbering system, Barcelona City Council (AJB) street code, National Institute of Statistics (INE) street code, type of road, description of type of road, street name, block, land parcel, census area, statistical area, basic statistical area (AEB), neighbourhood, municipal district, Green Areas and basic health area (BHA)","Ciutat","Ciudad","City",1,20150101000000,20190507000000,"http://w20.bcn.cat/cartobcn?prod=76",0,0,0,0,0,1,0,0,0,0,0,0,"ETRS89","http://w20.bcn.cat/CartoBCN/getFile.ashx?prod=76.BARCELONA.32"
"4_10",4,10,"Geocodificació  /  Nomenclàtor","Geocodificación  /  Nomenclátor","Geocoding   /  Gazetteer","Informacions de Posicionament i Denominacions Geogràfiques","Informaciones de Posicionamiento y Denominaciones Geográficas","Positioning Information and Geographical Names","ETRS89. ADRECES de carrer en format SHP/CSV/KMZ","ETRS89. DIRECCIONES de calle en formato SHP/CSV/KMZ","ETRS89. Street ADDRESSES (SHP/CSV/KMZ)","Informació per Adreça: Tipus Numeració, Codi carrer AJB, Codi carrer INE, Tipus via, Descripció Tipus via, Nom carrer, Illa, Parcel·la, Solar, Secció Censal, Secció Estadística, AEB, Barri i Districte Municipal","Información por Dirección: Tipo Numeración, Código calle AJB, Código calle INE, Tipo vía, Descripción Tipo vía, Nombre calle, Manzana, Parcela, Solar, Sección Censal, Sección Estadística, AEB, Barrio, Distrito, Área Básica de Salud y Áreas Verdes","Information by Address: numbering system, Barcelona City Council (AJB) street code, National Institute of Statistics (INE) street code, type of road, description of type of road, street name, block, land parcel, census area, statistical area, basic statistical area (AEB), neighbourhood, municipal district, Green Areas and basic health area (BHA)","Ciutat","Ciudad","City",1,20150101000000,20190507000000,"http://w20.bcn.cat/cartobcn?prod=76",0,0,1,0,0,0,0,0,0,0,0,0,"WGS84 EPSG:32631","http://w20.bcn.cat/CartoBCN/getFile.ashx?prod=76.BARCELONA.14"
"4_11",4,11,"Geocodificació  /  Nomenclàtor","Geocodificación  /  Nomenclátor","Geocoding   /  Gazetteer","Informacions de Posicionament i Denominacions Geogràfiques","Informaciones de Posicionamiento y Denominaciones Geográficas","Positioning Information and Geographical Names","ETRS89. ADRECES de carrer en format SHP/CSV/KMZ","ETRS89. DIRECCIONES de calle en formato SHP/CSV/KMZ","ETRS89. Street ADDRESSES (SHP/CSV/KMZ)","Informació per Adreça: Tipus Numeració, Codi carrer AJB, Codi carrer INE, Tipus via, Descripció Tipus via, Nom carrer, Illa, Parcel·la, Solar, Secció Censal, Secció Estadística, AEB, Barri i Districte Municipal","Información por Dirección: Tipo Numeración, Código calle AJB, Código calle INE, Tipo vía, Descripción Tipo vía, Nombre calle, Manzana, Parcela, Solar, Sección Censal, Sección Estadística, AEB, Barrio, Distrito, Área Básica de Salud y Áreas Verdes","Information by Address: numbering system, Barcelona City Council (AJB) street code, National Institute of Statistics (INE) street code, type of road, description of type of road, street name, block, land parcel, census area, statistical area, basic statistical area (AEB), neighbourhood, municipal district, Green Areas and basic health area (BHA)","Ciutat","Ciudad","City",1,20150101000000,20190507000000,"http://w20.bcn.cat/cartobcn?prod=76",1,0,0,0,0,0,0,0,0,0,0,0,"ETRS89 EPSG:25831","http://w20.bcn.cat/CartoBCN/getFile.ashx?prod=76.BARCELONA.34"
"4_12",4,12,"Geocodificació  /  Nomenclàtor","Geocodificación  /  Nomenclátor","Geocoding   /  Gazetteer","Informacions de Posicionament i Denominacions Geogràfiques","Informaciones de Posicionamiento y Denominaciones Geográficas","Positioning Information and Geographical Names","NOMENCLÀTOR dels Espais Públics de la ciutat de Barcelona","NOMENCLÁTOR de las Vías Públicas de la ciudad de Barcelona","CATALOGUE of street names of Barcelona City","Informació dels noms de les vies del municipi de Barcelona","Información de los nombres de las vías públicas del municipio de Barcelona","Information names of public roads in the municipality of Barcelona","Ciutat","Ciudad","City",0,20150312000000,20200505000000,"http://w20.bcn.cat/cartobcn?prod=86",0,0,0,0,0,0,0,0,0,0,1,0,"SENSE PROJECCIÓ","http://w20.bcn.cat/CartoBCN/getFile.ashx?prod=86.BARCELONA.43"
"4_13",4,13,"Geocodificació  /  Nomenclàtor","Geocodificación  /  Nomenclátor","Geocoding   /  Gazetteer","Informacions de Posicionament i Denominacions Geogràfiques","Informaciones de Posicionamiento y Denominaciones Geográficas","Positioning Information and Geographical Names","NOMENCLÀTOR dels Espais Públics de la ciutat de Barcelona","NOMENCLÁTOR de las Vías Públicas de la ciudad de Barcelona","CATALOGUE of street names of Barcelona City","Informació dels noms de les vies del municipi de Barcelona","Información de los nombres de las vías públicas del municipio de Barcelona","Information names of public roads in the municipality of Barcelona","Ciutat","Ciudad","City",0,20150312000000,20200505000000,"http://w20.bcn.cat/cartobcn?prod=86",0,0,0,0,0,1,0,0,0,0,0,0,"ETRS89 EPSG:25831","http://w20.bcn.cat/CartoBCN/getFile.ashx?prod=86.BARCELONA.12"
"4_14",4,14,"Geocodificació  /  Nomenclàtor","Geocodificación  /  Nomenclátor","Geocoding   /  Gazetteer","Informacions de Posicionament i Denominacions Geogràfiques","Informaciones de Posicionamiento y Denominaciones Geográficas","Positioning Information and Geographical Names","Retolació de Vials i Espais de Barcelona - CAD","Rotulación de Viales i Espacios de Barcelona - CAD","Labeling of Roads and Spaces - CAD","Retolació de Vials i Espais de Barcelona - CAD","Rotulación de Viales i Espacios de Barcelona - CAD","Labeling of Roads and Spaces - CAD","Ciutat","Ciudad","City",0,20180530000000,20210323194215,"http://w20.bcn.cat/cartobcn?prod=95",0,1,0,0,0,0,0,0,0,0,0,0,"ETRS89 EPSG:25831","http://w20.bcn.cat/CartoBCN/getFile.ashx?prod=95.BARCELONA.1"
"4_15",4,15,"Geocodificació  /  Nomenclàtor","Geocodificación  /  Nomenclátor","Geocoding   /  Gazetteer","Informacions de Posicionament i Denominacions Geogràfiques","Informaciones de Posicionamiento y Denominaciones Geográficas","Positioning Information and Geographical Names","Retolació de Vials i Espais de Barcelona - GIS","Rotulación de Viales i Espacios de Barcelona - GIS","Labeling of Roads and Spaces - GIS","Retolació de Vials i Espais de Barcelona - GIS","Rotulación de Viales i Espacios de Barcelona - GIS","Labeling of Roads and Spaces - GIS","Ciutat","Ciudad","City",0,20180530000000,20210323194215,"http://w20.bcn.cat/cartobcn?prod=108",1,0,0,0,0,0,0,0,0,0,0,0,"ETRS89 EPSG:25831","http://w20.bcn.cat/CartoBCN/getFile.ashx?prod=108.BARCELONA.2"
"5_1",5,1,"Cartografia Històrica","Cartografía Histórica","Historical Cartography","Cartografia Històrica","Cartografía Histórica","Historical Cartography","QUARTERONS GARRIGA i ROCA 1:1250 - MBTILES","QUARTERONS GARRIGA i ROCA 1:1250 - MBTILES","QUARTERONS GARRIGA i ROCA 1:1250 - MBTILES","Conjunt de plànols originals confeccionats entre els anys 1856 i 1862 a escala 1:1250","Conjunto de planos originales confeccionados entre los años 1856 i 1862 a escala 1:1250","a set of original drawings made by the architect between 1856 i 1862 at 1: 1,250","Ciutat","Ciudad","City",1,20160622000000,20160622000000,"http://w20.bcn.cat/cartobcn?prod=89",0,0,0,0,0,0,1,0,0,0,0,0,"WGS84 EPSG:32631","http://w20.bcn.cat/CartoBCN/getFile.ashx?prod=89.BARCELONA.36"
"6_1",6,1,"Cartografia Topogràfica","Cartografía Topográfica","Topographic Cartography","Cartografia Topogràfica","Cartografía Topográfica","Topographic Cartography","Cartografia Topogràfica Municipal - CAD","Cartografía Topográfica Municipal - CAD","Municipal Topographic Cartography - CAD","Cartografia Topogràfica Municipal Tridimensional, amb coordenades UTM (ETRS89), que recobreix el terme municipal de Barcelona. En la pestanya ""RECURSOS"" trobareu la informació associada auxiliar i d'estils.","Cartografía Topográfica Municipal Tridimensional, con coordenadas UTM (ETRS89),  que recubre el término municipal de Barcelona. En la pestaña ""RECURSOS"" podéis encontrar la información asociada auxiliar y de estilos.","Three-dimensional Municipality topographic cartography, UTM (ETRS89 Coordinate System), covering the municipality of Barcelona. In the ""RESOURCES"" tab you can find the associated auxiliary information and styles.","Barris","Nuevo Barrios","New Neighborhood",0,20150723000000,20210208014426,"http://w20.bcn.cat/cartobcn?prod=93",0,1,0,0,0,0,0,0,0,0,0,0,"ETRS89 EPSG:25831",""
"6_2",6,2,"Cartografia Topogràfica","Cartografía Topográfica","Topographic Cartography","Cartografia Topogràfica","Cartografía Topográfica","Topographic Cartography","Cartografia Topogràfica Municipal - GIS","Cartografía Topográfica Municipal - GIS","Municipal Topographic Cartography - GIS","Cartografia Topogràfica Municipal Tridimensional, amb coordenades UTM (ETRS89), que recobreix el terme municipal de Barcelona. En la pestanya ""RECURSOS"" trobareu la informació associada auxiliar i d'estils.","Cartografía Topográfica Municipal Tridimensional, con coordenadas UTM (ETRS89),  que recubre el término municipal de Barcelona. En la pestaña ""RECURSOS"" podéis encontrar la información asociada auxiliar y de estilos.","Three-dimensional Municipality topographic cartography, UTM (ETRS89 Coordinate System), covering the municipality of Barcelona. In the ""RESOURCES"" tab you can find the associated auxiliary information and styles.","Ciutat","Ciudad","City",0,20190313000000,20210208014425,"http://w20.bcn.cat/cartobcn?prod=113",1,0,0,0,0,0,0,0,0,0,0,0,"ETRS89 EPSG:25831","http://w20.bcn.cat/CartoBCN/getFile.ashx?prod=113.BARCELONA.2"
"6_3",6,3,"Cartografia Topogràfica","Cartografía Topográfica","Topographic Cartography","Cartografia Topogràfica","Cartografía Topográfica","Topographic Cartography","ETRS89. ELEMENTS D'INVENTARI. Dades per FULL 1:1.000 en format CAD","ETRS89. ELEMENTOS DE INVENTARIO. Datos por HOJA 1:1.000 en format CAD","ETRS89. INVENTORY ITEMS data on 1:1,000 maps (CAD)","Informació de l'inventari mobiliari i de la senyalització en la via pública, sense precisió taquimètrica","Información del inventario mobiliario y de la señalización en la vía pública, sin precisión taquimétrica","Furniture inventory information and signaling in public, without accurate tachometric","Fulls 1:1000 UTM (cartografia històrica)","Hojas 1:1000 UTM (cartografía histórica)","Sheet UTM 1:1000 (historical cartography)",1,20150101000000,20160316000000,"http://w20.bcn.cat/cartobcn?prod=68",0,1,0,0,0,0,0,0,0,0,0,0,"ETRS89 EPSG:25831",""
"6_4",6,4,"Cartografia Topogràfica","Cartografía Topográfica","Topographic Cartography","Cartografia Topogràfica","Cartografía Topográfica","Topographic Cartography","ETRS89. ELEMENTS D'INVENTARI. Dades per FULL 1:1.000 en format CAD","ETRS89. ELEMENTOS DE INVENTARIO. Datos por HOJA 1:1.000 en format CAD","ETRS89. INVENTORY ITEMS data on 1:1,000 maps (CAD)","Informació de l'inventari mobiliari i de la senyalització en la via pública, sense precisió taquimètrica","Información del inventario mobiliario y de la señalización en la vía pública, sin precisión taquimétrica","Furniture inventory information and signaling in public, without accurate tachometric","Fulls 1:1000 UTM (cartografia històrica)","Hojas 1:1000 UTM (cartografía histórica)","Sheet UTM 1:1000 (historical cartography)",1,20150101000000,20160316000000,"http://w20.bcn.cat/cartobcn?prod=68",0,0,0,0,0,0,0,0,0,1,0,0,"ETRS89 EPSG:25831",""
"6_5",6,5,"Cartografia Topogràfica","Cartografía Topográfica","Topographic Cartography","Cartografia Topogràfica","Cartografía Topográfica","Topographic Cartography","ETRS89. TOPOGRÀFIC. Dades per FULL 1:1.000 en format CAD","ETRS89. TOPOGRAFÍA. Datos por HOJAS 1:1000 en formato CAD","ETRS89. TOPOGRAPHIC data on 1:1,000 maps (CAD)","Informació de Vialitat, AltimetrIa, Mobiliari i altres Elements Topogràfics","Información de Vialidad, Altimetría, Mobiliario y otros Elementos Topográficos","Information on roads, altimetry, street furniture and other topographic features ","Fulls 1:1000 UTM (cartografia històrica)","Hojas 1:1000 UTM (cartografía histórica)","Sheet UTM 1:1000 (historical cartography)",1,20150101000000,20150102000000,"http://w20.bcn.cat/cartobcn?prod=69",0,0,0,0,0,0,0,0,0,1,0,0,"ETRS89 EPSG:25831",""
"6_6",6,6,"Cartografia Topogràfica","Cartografía Topográfica","Topographic Cartography","Cartografia Topogràfica","Cartografía Topográfica","Topographic Cartography","ETRS89. TOPOGRÀFIC. Dades per FULL 1:1.000 en format CAD","ETRS89. TOPOGRAFÍA. Datos por HOJAS 1:1000 en formato CAD","ETRS89. TOPOGRAPHIC data on 1:1,000 maps (CAD)","Informació de Vialitat, AltimetrIa, Mobiliari i altres Elements Topogràfics","Información de Vialidad, Altimetría, Mobiliario y otros Elementos Topográficos","Information on roads, altimetry, street furniture and other topographic features ","Fulls 1:1000 UTM (cartografia històrica)","Hojas 1:1000 UTM (cartografía histórica)","Sheet UTM 1:1000 (historical cartography)",1,20150101000000,20150102000000,"http://w20.bcn.cat/cartobcn?prod=69",0,1,0,0,0,0,0,0,0,0,0,0,"ETRS89 EPSG:25831",""
"6_7",6,7,"Cartografia Topogràfica","Cartografía Topográfica","Topographic Cartography","Cartografia Topogràfica","Cartografía Topográfica","Topographic Cartography","ETRS89. XARXES de FULLS UTM en format CAD/SHP/KMZ","ETRS89. MALLAS de HOJAS UTM en formato CAD/SHP/KMZ","ETRS89. UTM GRID MAPS (CAD/SHP/KMZ)","Xarxes de fulls UTM 1:500 i 1:1.000 de l'àmbit del Municipi de Barcelona","Mallas de hojas UTM 1:500 y 1:1000 del  ámbito del Municipio de Barcelona","1:500 and 1:1,000 UTM grid maps for the Barcelona municipal area","Ciutat","Ciudad","City",1,20150101000000,20150107000000,"http://w20.bcn.cat/cartobcn?prod=67",0,0,1,0,0,0,0,0,0,0,0,0,"WGS84 EPSG:32631","http://w20.bcn.cat/CartoBCN/getFile.ashx?prod=67.BARCELONA.14"
"6_8",6,8,"Cartografia Topogràfica","Cartografía Topográfica","Topographic Cartography","Cartografia Topogràfica","Cartografía Topográfica","Topographic Cartography","ETRS89. XARXES de FULLS UTM en format CAD/SHP/KMZ","ETRS89. MALLAS de HOJAS UTM en formato CAD/SHP/KMZ","ETRS89. UTM GRID MAPS (CAD/SHP/KMZ)","Xarxes de fulls UTM 1:500 i 1:1.000 de l'àmbit del Municipi de Barcelona","Mallas de hojas UTM 1:500 y 1:1000 del  ámbito del Municipio de Barcelona","1:500 and 1:1,000 UTM grid maps for the Barcelona municipal area","Ciutat","Ciudad","City",1,20150101000000,20150107000000,"http://w20.bcn.cat/cartobcn?prod=67",1,0,0,0,0,0,0,0,0,0,0,0,"ETRS89 EPSG:25831","http://w20.bcn.cat/CartoBCN/getFile.ashx?prod=67.BARCELONA.26"
"6_9",6,9,"Cartografia Topogràfica","Cartografía Topográfica","Topographic Cartography","Cartografia Topogràfica","Cartografía Topográfica","Topographic Cartography","ETRS89. XARXES de FULLS UTM en format CAD/SHP/KMZ","ETRS89. MALLAS de HOJAS UTM en formato CAD/SHP/KMZ","ETRS89. UTM GRID MAPS (CAD/SHP/KMZ)","Xarxes de fulls UTM 1:500 i 1:1.000 de l'àmbit del Municipi de Barcelona","Mallas de hojas UTM 1:500 y 1:1000 del  ámbito del Municipio de Barcelona","1:500 and 1:1,000 UTM grid maps for the Barcelona municipal area","Ciutat","Ciudad","City",1,20150101000000,20150107000000,"http://w20.bcn.cat/cartobcn?prod=67",0,0,0,0,0,0,0,0,0,1,0,0,"ETRS89 EPSG:25831","http://w20.bcn.cat/CartoBCN/getFile.ashx?prod=67.BARCELONA.30"
"6_10",6,10,"Cartografia Topogràfica","Cartografía Topográfica","Topographic Cartography","Cartografia Topogràfica","Cartografía Topográfica","Topographic Cartography","ETRS89. XARXES de FULLS UTM en format CAD/SHP/KMZ","ETRS89. MALLAS de HOJAS UTM en formato CAD/SHP/KMZ","ETRS89. UTM GRID MAPS (CAD/SHP/KMZ)","Xarxes de fulls UTM 1:500 i 1:1.000 de l'àmbit del Municipi de Barcelona","Mallas de hojas UTM 1:500 y 1:1000 del  ámbito del Municipio de Barcelona","1:500 and 1:1,000 UTM grid maps for the Barcelona municipal area","Ciutat","Ciudad","City",1,20150101000000,20150107000000,"http://w20.bcn.cat/cartobcn?prod=67",0,1,0,0,0,0,0,0,0,0,0,0,"ETRS89 EPSG:25831","http://w20.bcn.cat/CartoBCN/getFile.ashx?prod=67.BARCELONA.28"
"6_11",6,11,"Cartografia Topogràfica","Cartografía Topográfica","Topographic Cartography","Cartografia Topogràfica","Cartografía Topográfica","Topographic Cartography","MAPA TEMÀTIC per ALÇADES i EDIFICACIÓ en format Geopackage","MAPA TEMÁTICO por ALZADAS y EDIFICACIÓN con formato Geopackage","MUNICIPAL THEMATIC MAP by ELEVATIONS and BUILDING with Geopackage format","Multi base en format Geopackage i projecte QGIS amb representació preestablerta. De forma automàtica, es mostren les dades adaptant-se a l'escala de visualització, essent configurable per part de l'usuari.","Multi base en formato Geopackage y proyecto qgis con representación preestablecida. De forma automática, se muestran los datos adaptándose a la escala de visualización, siendo configurable por parte del usuario.","Multi base in Geopackage format and QGIS project with pre-established representation. The data is automatically displayed according to the display scale, being configurable by the user.","Ciutat","Ciudad","City",0,20201220000000,20210324001829,"http://w20.bcn.cat/cartobcn?prod=118",0,0,0,0,0,0,0,0,0,0,0,1,"ETRS89 EPSG:25831","http://w20.bcn.cat/CartoBCN/getFile.ashx?prod=118.BARCELONA.42"
"6_12",6,12,"Cartografia Topogràfica","Cartografía Topográfica","Topographic Cartography","Cartografia Topogràfica","Cartografía Topográfica","Topographic Cartography","MAPA TOPOGRÀFIC MUNICIPAL en format Geopackage - Part 1/2","MAPA TOPOGRÁFICO MUNICIPAL con formato Geopackage - Parte 1/2","MUNICIPAL TOPOGRAPHIC Map with Geopackage format - Part 1/2","Multi base en format Geopackage i projecte QGIS amb representació preestablerta. Cartografia topogràfica municipal elaborada segons les especificacions del Pla Cartogràfic de Catalunya.","Multi base en formato Geopackage y proyecto QGIS con representación preestablecida. Cartografía topográfica municipal elaborada según las especificaciones del Pla Cartogràfic de Catalunya","Multi-base in Geopackage format and QGIS project with pre-established representation. Municipal topographic cartography prepared according to the specifications of the Cartographic Plan of Catalonia.","Ciutat","Ciudad","City",0,20201220000000,20210324001829,"http://w20.bcn.cat/cartobcn?prod=116",0,0,0,0,0,0,0,0,0,0,0,1,"ETRS89 EPSG:25831","http://w20.bcn.cat/CartoBCN/getFile.ashx?prod=116.BARCELONA.42"
"6_13",6,13,"Cartografia Topogràfica","Cartografía Topográfica","Topographic Cartography","Cartografia Topogràfica","Cartografía Topográfica","Topographic Cartography","MAPA TOPOGRÀFIC MUNICIPAL en format Geopackage - Part 2/2","MAPA TOPOGRÁFICO MUNICIPAL con formato Geopackage - Parte 2/2","MUNICIPAL TOPOGRAPHIC Map with Geopackage format - Part 2/2","Multi base en format Geopackage i projecte QGIS amb representació preestablerta. Cartografia topogràfica municipal elaborada segons les especificacions del Pla Cartogràfic de Catalunya.","Multi base en formato Geopackage y proyecto QGIS con representación preestablecida. Cartografía topográfica municipal elaborada según las especificaciones del Plan Cartográfico de Cataluña.","Multi-base in Geopackage format and QGIS project with pre-established representation. Municipal topographic cartography prepared according to the specifications of the Cartographic Plan of Catalonia.","Ciutat","Ciudad","City",0,20201220000000,20210324001829,"http://w20.bcn.cat/cartobcn?prod=117",0,0,0,0,0,0,0,0,0,0,0,1,"ETRS89 EPSG:25831","http://w20.bcn.cat/CartoBCN/getFile.ashx?prod=117.BARCELONA.42"
"6_14",6,14,"Cartografia Topogràfica","Cartografía Topográfica","Topographic Cartography","Cartografia Topogràfica","Cartografía Topográfica","Topographic Cartography","Mapa Topogràfic Municipal en format GeoPDF (amb Capes i Georeferenciat)","Mapa Topográfico Municipal en formato PDF-GEO (con Capas y Georeferenciado)","CITY MAP in PDF-GEO format (with overlays and georeferencing)","Multi base en format GeoPDF per a la preparació de plànols a mida per el seu ús  en la edició de publicacions.","Multi base en formato GeoPDF para la preparación de planos a medida para su uso en la edición de publicaciones.","Multi base in GeoPDF format for the preparation of tailor-made plans for use in publishing publications.","Ciutat","Ciudad","City",0,20201220000000,20210324001829,"http://w20.bcn.cat/cartobcn?prod=121",0,0,0,0,1,0,0,0,0,0,0,0,"WGS84 EPSG:32631","http://w20.bcn.cat/CartoBCN/getFile.ashx?prod=121.BARCELONA.39"
"7_1",7,1,"Urbanisme","Urbanismo","Urban planning","Informació urbanística","Información urbanística","Urban planning information","Catàleg de Patrimoni Arquitectònic - CAD","Catálogo de Patrimonio Arquitectónico - CAD","Catalog of Architectural Heritage - CAD","Catàleg de Patrimoni Arquitectònic","Catálogo de Patrimonio Arquitectónico","Catalog of Architectural Heritage","Ciutat","Ciudad","City",0,20181119000000,20210328074246,"http://w20.bcn.cat/cartobcn?prod=100",0,1,0,0,0,0,0,0,0,0,0,0,"ETRS89 EPSG:25831","http://w20.bcn.cat/CartoBCN/getFile.ashx?prod=100.BARCELONA.1"
"7_2",7,2,"Urbanisme","Urbanismo","Urban planning","Informació urbanística","Información urbanística","Urban planning information","Catàleg de Patrimoni Arquitectònic - GIS","Catálogo de Patrimonio Arquitectónico - GIS","Catalog of Architectural Heritage - GIS","Catàleg de Patrimoni Arquitectònic - GIS","Catálogo de Patrimonio Arquitectónico - GIS","Catalog of Architectural Heritage - GIS","Ciutat","Ciudad","City",0,20181119000000,20210328074246,"http://w20.bcn.cat/cartobcn?prod=103",1,0,0,0,0,0,0,0,0,0,0,0,"ETRS89 EPSG:25831","http://w20.bcn.cat/CartoBCN/getFile.ashx?prod=103.BARCELONA.2"
"7_3",7,3,"Urbanisme","Urbanismo","Urban planning","Informació urbanística","Información urbanística","Urban planning information","ETRS89. USOS DEL SÒL en format CAD/SHP/KMZ","ETRS89. USOS DEL SUELO en formato CAD/SHP/KMZ","ETRS89. LAND USE (CAD/SHP/KMZ)","Informació de Zonificacions i Qualificacions classificades segons els Usos del Sòl","Información de Zonificaciones y Calificaciones clasificadas según los Usos del Suelo","Information on zones and classifications according to land use","Ciutat","Ciudad","City",1,20150101000000,20160119000000,"http://w20.bcn.cat/cartobcn?prod=79",0,0,0,0,0,0,0,0,0,1,0,0,"ETRS89 EPSG:25831","http://w20.bcn.cat/CartoBCN/getFile.ashx?prod=79.BARCELONA.30"
"7_4",7,4,"Urbanisme","Urbanismo","Urban planning","Informació urbanística","Información urbanística","Urban planning information","ETRS89. USOS DEL SÒL en format CAD/SHP/KMZ","ETRS89. USOS DEL SUELO en formato CAD/SHP/KMZ","ETRS89. LAND USE (CAD/SHP/KMZ)","Informació de Zonificacions i Qualificacions classificades segons els Usos del Sòl","Información de Zonificaciones y Calificaciones clasificadas según los Usos del Suelo","Information on zones and classifications according to land use","Ciutat","Ciudad","City",1,20150101000000,20160119000000,"http://w20.bcn.cat/cartobcn?prod=79",1,0,0,0,0,0,0,0,0,0,0,0,"ETRS89 EPSG:25831","http://w20.bcn.cat/CartoBCN/getFile.ashx?prod=79.BARCELONA.34"
"7_5",7,5,"Urbanisme","Urbanismo","Urban planning","Informació urbanística","Información urbanística","Urban planning information","ETRS89. USOS DEL SÒL en format CAD/SHP/KMZ","ETRS89. USOS DEL SUELO en formato CAD/SHP/KMZ","ETRS89. LAND USE (CAD/SHP/KMZ)","Informació de Zonificacions i Qualificacions classificades segons els Usos del Sòl","Información de Zonificaciones y Calificaciones clasificadas según los Usos del Suelo","Information on zones and classifications according to land use","Ciutat","Ciudad","City",1,20150101000000,20160119000000,"http://w20.bcn.cat/cartobcn?prod=79",0,1,0,0,0,0,0,0,0,0,0,0,"ETRS89 EPSG:25831","http://w20.bcn.cat/CartoBCN/getFile.ashx?prod=79.BARCELONA.28"
"7_6",7,6,"Urbanisme","Urbanismo","Urban planning","Informació urbanística","Información urbanística","Urban planning information","ETRS89. USOS DEL SÒL en format CAD/SHP/KMZ","ETRS89. USOS DEL SUELO en formato CAD/SHP/KMZ","ETRS89. LAND USE (CAD/SHP/KMZ)","Informació de Zonificacions i Qualificacions classificades segons els Usos del Sòl","Información de Zonificaciones y Calificaciones clasificadas según los Usos del Suelo","Information on zones and classifications according to land use","Ciutat","Ciudad","City",1,20150101000000,20160119000000,"http://w20.bcn.cat/cartobcn?prod=79",0,0,1,0,0,0,0,0,0,0,0,0,"WGS84 EPSG:32631","http://w20.bcn.cat/CartoBCN/getFile.ashx?prod=79.BARCELONA.14"
"7_7",7,7,"Urbanisme","Urbanismo","Urban planning","Informació urbanística","Información urbanística","Urban planning information","Planejament Urbanístic de Barcelona - CAD","Planeamiento Urbanístico de Barcelona - CAD","Urban Planning of Barcelona - CAD","Planejament Urbanístic de Barcelona - CAD","Planeamiento Urbanístico de Barcelona - CAD","Urban Planning of Barcelona - CAD","Ciutat","Ciudad","City",0,20181119000000,20210328074246,"http://w20.bcn.cat/cartobcn?prod=99",0,1,0,0,0,0,0,0,0,0,0,0,"ETRS89 EPSG:25831","http://w20.bcn.cat/CartoBCN/getFile.ashx?prod=99.BARCELONA.1"
"7_8",7,8,"Urbanisme","Urbanismo","Urban planning","Informació urbanística","Información urbanística","Urban planning information","Planejament Urbanístic de Barcelona - GIS","Planeamiento Urbanístico de Barcelona - GIS","Urban Planning of Barcelona - GIS","Planejament Urbanístic de Barcelona - GIS","Planeamiento Urbanístico de Barcelona - GIS","Urban Planning of Barcelona - GIS","Ciutat","Ciudad","City",0,20181119000000,20210328074246,"http://w20.bcn.cat/cartobcn?prod=105",1,0,0,0,0,0,0,0,0,0,0,0,"ETRS89 EPSG:25831","http://w20.bcn.cat/CartoBCN/getFile.ashx?prod=105.BARCELONA.2"
"7_9",7,9,"Urbanisme","Urbanismo","Urban planning","Informació urbanística","Información urbanística","Urban planning information","Sectors i Àmbits de Barcelona - CAD","Sectores y Àmbitos de Barcelona - CAD","Sectors and Areas of Barcelona - CAD","Sectors i Àmbits de Barcelona - CAD","Sectores y Àmbitos de Barcelona - CAD","Sectors and Areas of Barcelona - CAD","Ciutat","Ciudad","City",0,20181119000000,20210328074246,"http://w20.bcn.cat/cartobcn?prod=98",0,1,0,0,0,0,0,0,0,0,0,0,"ETRS89 EPSG:25831","http://w20.bcn.cat/CartoBCN/getFile.ashx?prod=98.BARCELONA.1"
"7_10",7,10,"Urbanisme","Urbanismo","Urban planning","Informació urbanística","Información urbanística","Urban planning information","Sectors i Àmbits de Barcelona - GIS","Sectores y Àmbitos de Barcelona - GIS","Sectors and Areas of Barcelona - GIS","Sectors i Àmbits de Barcelona - GIS","Sectores y Àmbitos de Barcelona - GIS","Sectors and Areas of Barcelona - GIS","Ciutat","Ciudad","City",0,20181119000000,20210328074246,"http://w20.bcn.cat/cartobcn?prod=106",1,0,0,0,0,0,0,0,0,0,0,0,"ETRS89 EPSG:25831","http://w20.bcn.cat/CartoBCN/getFile.ashx?prod=106.BARCELONA.2"
"7_11",7,11,"Urbanisme","Urbanismo","Urban planning","Informació urbanística","Información urbanística","Urban planning information","Temàtic Planejament Urbanístic - CAD","Temático Planeamiento Urbanístico - CAD","Thematic Urban Planning - CAD","Temàtic Planejament Urbanístic - CAD","Temático Planeamiento Urbanístico - CAD","Thematic Urban Planning - CAD","Ciutat","Ciudad","City",0,20181119000000,20210328074246,"http://w20.bcn.cat/cartobcn?prod=101",0,1,0,0,0,0,0,0,0,0,0,0,"ETRS89 EPSG:25831","http://w20.bcn.cat/CartoBCN/getFile.ashx?prod=101.BARCELONA.1"
