"dccontributorauthor","dccoveragespatial","dccoveragevigencia","dcdatecreated","dcdateissued","dcdatevalidfinal","dcdatevalidinici","dcdescription","dcdescriptionLegislationChangedBy","dcdescriptionLegislationChanges","dcdescriptionsponsorship","dcdescriptiontableofcontents","dcformat","dcformatextent","dcidentifierBG","dcidentifierab","dcidentifiercitation","dcidentifierentitat","dcidentifiermandat","dcidentifieruri","dclanguage","dcpublisher","dcrelation","dcrelationhasversion","dcrelationisbasedon","dcrelationisbasisfor","dcrelationisformatof","dcrelationisreferencedby","dcrelationisreplacedby","dcrelationisrequiredby","dcrelationisversionof","dcrelationreferences","dcrelationreplaces","dcrelationrequires","dcrights","dcrightsaccessrights","dcrightsrightsHolder","dcrightsuri","dcsubject","dcsubjectcategory","dcsubjectforma","dctitle","dctitlealternative","dctype","Unnamed: 44"
"Ajuntament de Barcelona","Barcelona. Districte 6. Gràcia","No","2002-04-26","2002-05-13","2005-07-15","2002-04-26","Aprovat pel Plenari del Consell Municipal de 26-04-2002","Substituït pel Pla especial d'establiments de concurrència pública i altres activitats del Districte de Gràcia [2005] [	http://hdl.handle.net/11703/97965]","Substitueix el Pla especial d'usos del districte de Gràcia [2001] [ http://hdl.handle.net/11703/103400]","","","","5 p.","","Exp. núm. 01PC926","Butlletí Oficial de la Província de Barcelona, núm. 114 (13-05-2002) p. 13-17","","","http://hdl.handle.net/11703/97419","cat","","","","","","","","http://hdl.handle.net/11703/97965","","","","http://hdl.handle.net/11703/103400","","Domini públic","openAccess","","http://creativecommons.org/publicdomain/mark/1.0/deed.ca","Establiments de concurrència pública. Hoteleria. Establiments comercials","Comerç. Legislació i justícia","plans especials","Pla especial d'establiments de concurrència pública i altres activitats del Districte de Gràcia [2002]","Pla especial d'establiments de pública concurrència i altres activitats del Districte de Gràcia [2002]","text",""
"Ajuntament de Barcelona","Barcelona. Districte 1. Ciutat Vella","No","2011-02-21","2011-03-21","2013-10-02","2011-02-21","Aprovat pel Decret de l'Alcadia de 21-02-2011","Substituït pel Manual operatiu del Pla especial d’establiments de concurrència pública, hoteleria i altres activitats a Ciutat Vella [2013] [http://hdl.handle.net/11703/97408]","","","Es disposa la delegació en el/la Regidora del Districte de Ciutat Vella l’atorgament, denegació i altres situacions administratives de la llicència urbanística d’habitatge d’ús turístic i altres usos compatibles","application/pdf","10 p.","NCBAB_8231","","Butlletí Oficial de la Província de Barcelona (21-03-2011)","","","http://hdl.handle.net/11703/91549","cat","","","","http://hdl.handle.net/11703/91548","","","","http://hdl.handle.net/11703/97408","","","","","","Domini públic","openAccess","","https://creativecommons.org/choose/zero/?lang=ca","Establiments de concurrència pública. Delegacions a regidories. Establiments comercials. Hoteleria","Legislació i justícia. Comerç","plans especials","Manual operatiu del Pla especial d’establiments de concurrència pública, hoteleria i altres activitats a Ciutat Vella [2011]","","text",""
"Ajuntament de Barcelona","Barcelona","No","2014-01-27","2014-02-19","","","Sentència aprovada pel Tribunal Superior de Justícia de Catalunya que anul·la els art. 17.1, 21.1, 24.1 i 2, 28.1, 29, 30.1 i 32 del Pla especial de l'equipament comercial alimentari de Barcelona (PECAB) [2011]","","Modifica el Pla especial de l'equipament comercial alimentari de Barcelona (PECAB) [2011] [http://hdl.handle.net/11703/91554]","","","application/pdf","1 p.","13111","","Butlletí Oficial de la Província de Barcelona (19-02-2014)","","","http://hdl.handle.net/11703/91555","cat","","","","","","","","","http://hdl.handle.net/11703/91554","","","","","Domini públic","openAccess","","https://creativecommons.org/choose/zero/?lang=ca","Establiments comercials. Alimentació. Restaurants","Legislació i justícia. Comerç","plans especials","Pla especial de l'equipament comercial alimentari de Barcelona (PECAB) [2011] : modificació [2014-01-27]","PECAB","text",""
"Ajuntament de Barcelona","Barcelona. Districte 6. Gràcia","No","2008","2008-09-19","","","","","Complementa el Pla especial d'establiments de concurrència pública i altres activitats del Districte de Gràcia [2005] [http://hdl.handle.net/11703/97965]","","Conté taules amb informació sobre la regulació detallada de distàncies entre establiments segons àrea i amplada de carrer","","14 p.","","Exp. núm. 04PC1065","Butlletí Oficial de la Província de Barcelona, núm. 226 (19-09-2008) p. 21-34","","","http://hdl.handle.net/11703/97420","cat","","","","","","","","","http://hdl.handle.net/11703/97965","","","","","Domini públic","openAccess","","http://creativecommons.org/publicdomain/mark/1.0/deed.ca","Establiments de concurrència pública. Hoteleria. Establiments comercials","Comerç. Legislació i justícia","plans especials","Pla especial d'establiments de concurrència pública i altres activitats del Districte de Gràcia [2005]: regulació detallada de distàncies entre establiments segons àrea i amplada de carrer","","text",""
"Ajuntament de Barcelona","Barcelona. Districte 1. Ciutat Vella","No","2000-11-24","2000-12-15","2005-07-01","2000-12-15","Aprovat pel Plenari del Consell Municipal de 24-11-2000","Substituït pel Pla especial d'establiments de concurrència pública, hoteleria i altres activitats del Districte de Ciutat Vella [2005] [http://hdl.handle.net/11703/91546","Substitueix el Pla especial de regulació dels establiments de concurrència pública i hoteleria del Districte de Ciutat Vella [1992] [http://hdl.handle.net/11703/91543]","","","application/pdf","6 p.","9079","","Butlletí Oficial de la Província de Barcelona, núm. 300 (15-12-2000), p. 57-62","","","http://hdl.handle.net/11703/91545","cat","","","","","","","","http://hdl.handle.net/11703/91546","","","","http://hdl.handle.net/11703/91543","","Domini públic","openAccess","","https://creativecommons.org/choose/zero/?lang=ca","Establiments de concurrència pública. Hoteleria. Establiments comercials","Legislació i justícia. Comerç","plans especials","Pla especial d'establiments de concurrència pública, hoteleria i altres activitats del Districte de Ciutat Vella [2000]","Pla especial d'establiments de concurrència pública, hoteleria i altres serveis del Districte de Ciutat Vella [2000]","text",""
"Ajuntament de Barcelona","Barcelona","No","1999-04-28","1999-05-22","2011-03-22","1999-05-22","Aprovat i modificat pel Plenari del Consell Municipal de 28-04-1999","Substituït pel Pla especial d'equipament comercial alimentari de Barcelona [2011] [http://hdl.handle.net/11703/91554]","Deroga el Pla especial d'equipament comercial alimentari de Barcelona [1986] [http://hdl.handle.net/11703/91552]","","","application/pdf","6 p.","8538","","Butlletí Oficial de la Província de Barcelona, núm. 122 (22-05-1999), p. 44-49","","","http://hdl.handle.net/11703/91553","cat","","","","","","","","http://hdl.handle.net/11703/91554","","","","http://hdl.handle.net/11703/91552","","Domini públic","openAccess","","https://creativecommons.org/choose/zero/?lang=ca","Establiments comercials. Alimentació. Restaurants","Legislació i justícia. Comerç","plans especials","Pla especial de l'equipament comercial alimentari de Barcelona (PECAB)  [1999]","PECAB","text",""
"Ajuntament de Barcelona","Barcelona","No","2001","2001-03-21","2011-05-18","2001-03-22","Aprovat el març del 2001","Substituïda per l'Ordenança del medi ambient de Barcelona [2011] (Annex II.3) [http://hdl.handle.net/11703/86859]","Complementa l'art. 45 de l'Ordenança de Medi Ambient [1999] [http://hdl.handle.net/11703/91612]","","","application/pdf","15 p.","11727","","Butlletí Oficial de la Província de Barcelona, núm. 69, annex I (21-03-2001), p. 58-72","","","http://hdl.handle.net/11703/91556","cat","","","","","","","","http://hdl.handle.net/11703/86859","","","","","http://hdl.handle.net/11703/91612","Domini públic","openAccess","","http://creativecommons.org/publicdomain/mark/1.0/deed.ca","Medi ambient. Contaminació acústica","Legislació i justícia. Medi ambient","plans especials","Zonificació acústica de la ciutat de Barcelona [2001]","","text",""
"Ajuntament de Barcelona. Districte 1. Ciutat Vella","Barcelona. Districte 1. Ciutat Vella","No","2006","2006","","","Aprovat pel Plenari del Consell Municipal de 17-06-2005","Substituït pel Pla especial d'establiments de concurrència pública, hoteleria i altres activitats del Districte de Ciutat Vella [2010] [http://hdl.handle.net/11703/91548]","Substitueix el Pla especial d'establiments de concurrència pública, hoteleria i altres activitats del Districte de Ciutat Vella [2000]  [http://hdl.handle.net/11703/91545]","","Inclou els plànols de la normativa","application/pdf","28 p.","3474","","","districtes","","http://hdl.handle.net/11703/91547","cat","","","","http://hdl.handle.net/11703/91546","","","","http://hdl.handle.net/11703/91548","","","","http://hdl.handle.net/11703/91545","","CC-BY","openAccess","Ajuntament de Barcelona","http://creativecommons.org/licenses/by/4.0/deed.ca","Establiments de concurrència pública. Hoteleria. Establiments comercials","Legislació i justícia. Comerç","plans especials","Pla especial d'establiments de concurrència pública, hoteleria i altres activitats del Districte de Ciutat Vella [2005 text no oficial]","","text",""
"Ajuntament de Barcelona","Barcelona. Districte 6. Gràcia","No","2005-07-15","2005-08-10","2006-06-26","2005-07-15","Aprovat pel Plenari del Consell Municipal de 15-07-2005","Requereix el Pla especial d'establiments de concurrència pública i altres activitats del Districte de Gràcia [2005]: regulació detallada de distàncies entre establiments segons àrea i amplada de carrer [http://hdl.handle.net/11703/97420]. Substituït per el Pla especial d'establiments de concurrència pública i altres activitats del Districte de Gràcia [2016] [http://hdl.handle.net/11703/97509]","Substitueix el Pla especial d'establiments de concurrència pública del Districte de Gràcia [2002] [http://hdl.handle.net/11703/97419]","","Conté correccions d'errades que inclou el text íntegre de la normativa","","","","Exp. núm. 04PC1065","Butlletí Oficial de la Província de Barcelona (10-08-2005), p. 33","","","http://hdl.handle.net/11703/97965","cat","","","","","","","","http://hdl.handle.net/11703/97509","","","http://hdl.handle.net/11703/89250","http://hdl.handle.net/11703/97419","http://hdl.handle.net/11703/97420","Domini públic","openAccess","","http://creativecommons.org/publicdomain/mark/1.0/deed.ca","Establiments de concurrència pública. Hoteleria. Establiments comercials","Comerç. Legislació i justícia","plans especials","Pla especial d'establiments de concurrència pública i altres activitats del Districte de Gràcia [2005]","Pla especial d'establiments de pública concurrència i altres activitats del Districte de Gràcia [2005]","text",""
"Ajuntament de Barcelona","Barcelona. Districte 1. Ciutat Vella","No","2013-07-24","2013-09-16","","2013-10-05","Aprovat pel Plenari del Consell Municipal de 24-07-2013","Derogades totes les disposicions referides a l'activitat d'Habitatge d'Ús Turístic (epígraf T.1)  pel Pla especial urbanístic per a la regulació dels habitatges d'ús turístic a la ciutat de Barcelona [2016] [http://hdl.handle.net/11703/97107]. Disposició Addicional Primera deixada sense efecte per la sentència de la Secció Tercera del Tribunal Superior de Justícia de Catalunya de 12-06-2017 [http://hdl.handle.net/11703/107742] i de 30-06-2017 [http://hdl.handle.net/11703/108032]. Art. 14.9, 15 i 21 deixats sense efecte per per la sentència de la Secció Tercera del Tribunal Superior de Justícia de Catalunya de 19-06-2017 [http://hdl.handle.net/11703/107741]. Art. 14, apartat 3r, 4rt, 7è i 8è i art. 20.c.2 deixats sense efecte per per la sentència de la Secció Tercera del Tribunal Superior de Justícia de Catalunya de 19-06-2017 [http://hdl.handle.net/11703/108033]. Substituït pel Pla especial d'establiments de concurrència pública, comerços alimentaris, serveis turístics i altres activitats del Districte de Ciutat Vella [2018] [http://hdl.handle.net/11703/108624]","Substitueix el Pla especial d'establiments de concurrència pública, hoteleria i altres activitats del Districte de Ciutat Vella [2010] [http://hdl.handle.net/11703/91548]","","","application/pdf","40 p.","11637","","Butlletí Oficial de la Província de Barcelona (16-09-2013)","","","http://hdl.handle.net/11703/86875","cat","","","","","http://hdl.handle.net/11703/91559","","","http://hdl.handle.net/11703/108624","","","http://hdl.handle.net/11703/89250","http://hdl.handle.net/11703/91548","http://hdl.handle.net/11703/97107. http://hdl.handle.net/11703/107742. http://hdl.handle.net/11703/108032. http://hdl.handle.net/11703/107741. http://hdl.handle.net/11703/108033","Domini públic","openAccess","","http://creativecommons.org/publicdomain/mark/1.0/deed.ca","Hoteleria. Establiments de concurrència pública. Establiments comercials","Legislació i justícia. Comerç","plans especials","Pla especial d'establiments de concurrència pública, hoteleria i altres activitats del Districte de Ciutat Vella [2013]","Pla especial d'establiments de concurrència pública, hoteleria i altres activitats a Ciutat Vella [2013]","text",""
"Ajuntament de Barcelona","Barcelona. Districte 1. Ciutat Vella","No","2010-07-23","2010-09-30","2013-09-15","2010-09-30","Aprovat pel Plenari del Consell Municipal de 23-07-2010","Substituït pel Pla especial d'establiments de concurrència pública, hoteleria i altres activitats del Districte de Ciutat Vella [2013] [http://hdl.handle.net/11703/86875]","","","Pla. Plànol d'ordenació","application/pdf","50 p.","6185. NCBAB_5096","","Butlletí Oficial de la Província de Barcelona (30-09-2010), p. 1-50","","","http://hdl.handle.net/11703/91548","cat","","","","","http://hdl.handle.net/11703/91549","","","http://hdl.handle.net/11703/86875","","","","","","Domini públic","openAccess","","https://creativecommons.org/choose/zero/?lang=ca","Establiments de concurrència pública. Hoteleria. Establiments comercials","Legislació i justícia. Comerç","plans especials","Pla especial d'establiments de concurrència pública, hoteleria i altres activitats del Districte de Ciutat Vella [2010]","Pla especial d'establiments de concurrència pública, hoteleria i altres serveis del Districte de Ciutat Vella [2010]","text",""
"Ajuntament de Barcelona","Barcelona. Districte 6. Gràcia","No","1994-02-16","1994-06-04","2002-04-26","1994-06-04","Aprovat pel Plenari del Consell Municipal de 16-02-1994","Substituït pel Pla especial d'usos del districte de Gràcia [2001] [http://hdl.handle.net/11703/103400]","","","","","4 p.","","","Butlletí Oficial de la Província de Barcelona, núm.133 (04-06-1994), p. 37-40","","","http://hdl.handle.net/11703/101818","cat","","","","","","Reproducció digital del document en suport original","","http://hdl.handle.net/11703/103400","","","","","","Domini públic","openAccess","","http://creativecommons.org/publicdomain/mark/1.0/deed.ca","Establiments de concurrència pública. Hoteleria. Establiments comercials","Comerç. Legislació i justícia","documents digitalitzats. plans especials","Pla especial d'establiments de concurrència pública, hoteleria i altres activitats del Districte de Gràcia [1994]","","text",""
"Ajuntament de Barcelona","Barcelona. Districte 7. Horta-Guinardó","No","2005-06-17","2005-07-02","2015-06-09","2005-06-17","Aprovat pel Plenari del Consell Municipal de 17-06-2005","Derogat pel Pla especial d'establiments de concurrència pública i altres activitats a l'àmbit del casc antic d'Horta, del districte d'Horta-Guinardó [2015] [http://hdl.handle.net/11703/86878]","","","","","9 p.","","Exp. núm. 03PC1053","Butlletí Oficial de la Província de Barcelona (02-07-2005)","","","http://hdl.handle.net/11703/97424","cat","","","","","","","","http://hdl.handle.net/11703/86878","","","","","","Domini públic","openAccess","","http://creativecommons.org/publicdomain/mark/1.0/deed.ca","Establiments de concurrència pública. Hoteleria. Establiments comercials","Comerç. Legislació i justícia","plans especials","Pla especial d'establiments de concurrència pública, hoteleria i altres activitats a l'àmbit del casc d'Horta del Districte d'Horta-Guinardó [2005]","Normativa del Pla especial d'establiments de concurrència pública, hoteleria i altres activitats a l'àmbit del casc d'Horta del Districte d'Horta-Guinardó [2005]","text",""
"Ajuntament de Barcelona","Barcelona. Districte 10. Sant Martí","No","2006-07-21","2006-09-08","2016-09-11","2006-09-08","Aprovat pel Plenari del Consell Municipal de 21-07-2006","Substituït pel Pla especial d'establiments de concurrència pública i dels comerços alimentaris amb degustació al districte de Sant Martí [2016] [http://hdl.handle.net/11703/98144]","Substitueix el Pla especial d'establiments de concurrència pública al Districte de Sant Martí [2002] [http://hdl.handle.net/11703/102151]","","","application/pdf","6 p.","6177","","Butlletí Oficial de la Província de Barcelona, núm. 215 (08-09-2006), p. 24-29","","","http://hdl.handle.net/11703/89282","cat","","","","","","","","http://hdl.handle.net/11703/98144","","","http://hdl.handle.net/11703/89250","http://hdl.handle.net/11703/102151","","Domini públic","openAccess","","http://creativecommons.org/publicdomain/mark/1.0/deed.ca","Establiments de concurrència pública. Hoteleria. Establiments comercials","Legislació i justícia. Comerç","plans especials","Pla especial d'establiments de concurrència pública, hoteleria i altres serveis del Districte de Sant Martí [2006]","","text",""
"Ajuntament de Barcelona","Barcelona","No","2011-02-25","2011-03-23","2015-05-07","2011-03-23","Aprovat pel Plenari del Consell Municipal de 25-02-2011","Art. 17.1, 21.1, 24.1 i 2, 28.1, 29, 30.1 i 32 anul·lats per la Sentència aprovada pel Tribunal Superior de Justícia de Catalunya [2014] [http://hdl.handle.net/11703/91555]. Derogat pel Pla especial d'equipament comercial alimentari de Barcelona (PECAB) [2015] [http://hdl.handle.net/11703/86879]","Deroga el Pla especial d'equipament comercial alimentari de Barcelona (PECAB) [1999] [http://hdl.handle.net/11703/91553]","","Pla. Correcció d'errades","application/pdf","12 p.","8562. 8561","","Butlletí Oficial de la Província de Barcelona (23-03-2011). Correccions d'errades: Butlletí Oficial de la Província de Barcelona (28-11-2011)","","","http://hdl.handle.net/11703/91554","cat","","","","","","","","http://hdl.handle.net/11703/86879","","","","http://hdl.handle.net/11703/91553","http://hdl.handle.net/11703/91555","Domini públic","openAccess","","https://creativecommons.org/choose/zero/?lang=ca","Establiments comercials. Alimentació. Restaurants","Legislació i justícia. Comerç","plans especials","Pla especial de l'equipament comercial alimentari de Barcelona (PECAB) [2011]","PECAB","text",""
"Comissió d'Urbanisme de Barcelona","Barcelona. Districte 4. Les Corts","No","1993-05-19","1994-03-08","2015-02-25","1994-03-09","Aprovat definitivament per la Comissió d'Urbanisme de Barcelona de 19-05-1993","Substituït pel Pla especial d'establiments de concurrència pública del Districte de Les Corts [2015] [http://hdl.handle.net/11703/86877]","","Digitalitzat pel SEDAC","","application/pdf","3 p.","6186","","Butlletí Oficial de la Província de Barcelona, núm. 57 (08-03-1994), p. 57-59. L'aprovació definitiva es va publicar al Diari Oficial de la Generalitat de Catalunya, núm. 1780, (06-08-1993)","","","http://hdl.handle.net/11703/91550","cat","","","","http://hdl.handle.net/11703/97412","","Reproducció digital del document en suport original","","http://hdl.handle.net/11703/86877","","","","","","Domini públic","openAccess","","http://creativecommons.org/publicdomain/mark/1.0/deed.ca","Establiments de concurrència pública. Hoteleria","Legislació i justícia. Comerç","plans especials. documents digitalitzats","Pla especial d'establiments de concurrència pública del Districte de Les Corts [1993]","","text",""
"Ajuntament de Barcelona","Barcelona. Districte 10. Sant Martí","No","2002-11-22","2002-12-17","2006-09-07","2002-12-18","Aprovat pel Plenari del Consell Municipal de 22-11-2002","Substituït pel Pla especial d'establiments de concurrència pública, hoteleria i altres serveis del Districte de Sant Martí [2006] [http://hdl.handle.net/11703/89282]","","","","application/pdf","6 p.","","","Butlletí Oficial de la Província de Barcelona, núm. 301 (17-02-2002), p. 7-12","","","http://hdl.handle.net/11703/102151","cat","","","","","","","","http://hdl.handle.net/11703/89282","","","http://hdl.handle.net/11703/89250","","","Domini públic","openAccess","","http://creativecommons.org/publicdomain/mark/1.0/deed.ca","Establiments de concurrència pública. Hoteleria. Establiments comercials. Hoteleria","Comerç. Legislació i justícia","plans especials","Pla especial d'establiments de concurrència pública al Districte de Sant Martí [2002]","","text",""
"Ajuntament de Barcelona","Barcelona. Districte 1. Ciutat Vella","No","2005-06-17","2005-07-02","2010-09-29","2005-07-02","Aprovat pel Plenari del Consell Municipal de 17-06-2005","Substituït pel Pla especial d'establiments de concurrència pública, hoteleria i altres activitats del Districte de Ciutat Vella [2010] [http://hdl.handle.net/11703/91548]","Substitueix el Pla especial d'establiments de concurrència pública, hoteleria i altres activitats de Ciutat Vella [2000] [http://hdl.handle.net/11703/91545]","","","application/pdf","8 p.","6176","","Butlletí Oficial de la Província de Barcelona, núm. 157 (02-07-2005) , p. 25-32","","","http://hdl.handle.net/11703/91546","cat","","","","","http://hdl.handle.net/11703/91547","","","http://hdl.handle.net/11703/91548","","","","http://hdl.handle.net/11703/91545","","Domini públic","openAccess","","https://creativecommons.org/choose/zero/?lang=ca","Establiments de concurrència pública. Hoteleria. Establiments comercials","Legislació i justícia. Comerç","plans especials","Pla especial d'establiments de concurrència pública, hoteleria i altres activitats del Districte de Ciutat Vella [2005]","","text",""
"Comissió d'Urbanisme de Barcelona","Barcelona. Districte 5. Sarrià-Sant Gervasi","No","1993-09-22","1994-01-11","2007-01-26","1994-01-11","Aprovat per la Comissió d'Urbanisme de Barcelona de 22-09-1993","Substituït pel Pla especial d'establiments de concurrència pública i altres activitats del Districte de Sarrià-Sant Gervasi [2006] [http://hdl.handle.net/11703/89281]","","Digitalitzat pel SEDAC","","application/pdf","7 p.","8537","","Butlletí Oficial de la Província de Barcelona, núm. 9 (11-01-1994), p. 30-36","","","http://hdl.handle.net/11703/91551","cat","","","","","","Reproducció digital del document en suport original","","http://hdl.handle.net/11703/89281","","","","","","Domini públic","openAccess","","https://creativecommons.org/choose/zero/?lang=ca","Establiments de concurrència pública. Hoteleria. Establiments comercials","Legislació i justícia. Comerç","plans especials. documents digitalitzats","Pla especial d'establiments de concurrència pública i altres activitats del Districte de Sarrià-Sant Gervasi [1993]","Pla especial d'ordenació d'establiments de concurrència pública del Districte de Sarrià-Sant Gervasi","text",""
"Comissió d'Urbanisme de Barcelona","Barcelona. Districte 4. Les Corts","No","1993-05-19","1993-08-06","2015-02-25","1993-05-19","Aprovat definitivament per la Comissió d'Urbanisme de Barcelona de 19-05-1993","","","","","","2 p.","","Exp. 648/93","Diari Oficial de la Generalitat de Catalunya, núm. 1780, (06-08-1993)","","","http://hdl.handle.net/11703/97412","cat","","","","","http://hdl.handle.net/11703/91550","","","http://hdl.handle.net/11703/86877","","","","","","Domini públic","openAccess","","http://creativecommons.org/publicdomain/mark/1.0/deed.ca","Establiments de concurrència pública. Hoteleria. Establiments comercials","Comerç. Legislació i justícia","plans especials. documents digitalitzats","Pla especial dels establiments de concurrència pública del Districte de Les Corts [1993]","","text",""
"Comissió d'Urbanisme de Barcelona","Barcelona. Districte 1. Ciutat Vella","No","1992-04-14","1992-10-30","2000-12-14","1992-10-30","Aprovat per la Comissió d'Urbanisme de 14-04-1992","Modificat per la Comissió d'Urbanisme de 21-05-1997 [http://hdl.handle.net/11703/91544]. Substituït pel Pla especial d'establiments de concurrència pública, hoteleria i altres activitats del Districte de Ciutat Vella [2000] [http://hdl.handle.net/11703/91545]","","Digitalitzat pel SEDAC","","application/pdf","5 p.","9076","","Butlletí Oficial de la Província de Barcelona, núm. 261 (30-10-1992), p. 30-34. Publicada l'aprovació definitiva al Diari Oficial de la Generalitat de Catalunya de 08-05-1992","","","http://hdl.handle.net/11703/91543","cat","","","","","","Reproducció digital del document en suport original","","http://hdl.handle.net/11703/91545","","","","","http://hdl.handle.net/11703/91544","Domini públic","openAccess","","https://creativecommons.org/choose/zero/?lang=ca","Establiments de concurrència pública. Hoteleria. Establiments comercials","Legislació i justícia. Comerç","plans especials. documents digitalitzats","Pla especial de regulació dels establiments de concurrència pública i hoteleria del Districte de Ciutat Vella [1992]","","text",""
"Gerència d'Ecologia Urbana. Ajuntament de Barcelona","Barcelona","No","2016-04-01","2016-04-21","2016-03-31","2016-04-01","Aprovat pel Plenari del Consell Municipal de 01-04-2016","Derogat pel Pla especial urbanístic per a la regulació dels establiments d'allotjament turístic , albergs de joventut, residències col·lectives d'allotjament temporal i habitatges d'ús turístic a la ciutat de Barcelona [2017] [http://hdl.handle.net/11703/101005]. Deroga totes les disposicions de l'activitat d'Habitatge Turístic (epígraf T.1)  del Pla especial d'establiments de concurrencia pública, hoteleria i altres activitats del Districte de Ciutat Vella [2013] [http://hdl.handle.net/11703/86875]","Substitueix el Pla especial d'establiments de concurrència pública, hoteleria i altres activitats del Districte de Ciutat Vella [2013] , en tot el que fa referència a l'actualitat d'habitatge d'ús turístic (epígraf T.1) [http://hdl.handle.net/11703/86875]","","","","11 p.","","Núm. Exp. 14PL16205","Butlletí Oficial de la Província de Barcelona (21-04-2016)","","","http://hdl.handle.net/11703/97107","cat","","","","","","","","http://hdl.handle.net/11703/101005","","","","http://hdl.handle.net/11703/86875","","Domini públic","openAccess","","http://creativecommons.org/publicdomain/mark/1.0/deed.ca","Allotjament turístic. Turisme i urbanisme","Habitatge. Turisme","plans especials","Pla especial urbanístic per a la regulació dels habitatges d'ús turístic a la ciutat de Barcelona [2016]","","text",""
"Ajuntament de Barcelona","Barcelona. Districte 6. Gràcia","No","2001-06-01","2001-06-16","2002-04-26","2001-06-20","Aprovat pel Plenari del Consell Municipal de 01-06-2001","Substituït pel Pla especial dels establiments de concurrència pública del Districte de Gràcia [2002] [http://hdl.handle.net/11703/97419]","Substitueix el Pla especial d'establiments de concurrència pública, hoteleria i altres activitats del Districte de Gràcia [1994]  [http://hdl.handle.net/11703/101818]","","","application/pdf","6 p.","","","Butlletí Oficial de la Província de Barcelona, núm. 146 (04-06-1994), p. 18-23. Correcció d'errades: Butlletí Oficial de la Província de Barcelona 165, núm. 146 (11-07-2001)","","","http://hdl.handle.net/11703/103400","cat","","","","","","Reproducció digital del document en suport original","","http://hdl.handle.net/11703/97419","","","","http://hdl.handle.net/11703/101818","","Domini públic","openAccess","","http://creativecommons.org/publicdomain/mark/1.0/deed.ca","Establiments de concurrència pública. Hoteleria. Establiments comercials","Comerç. Legislació i justícia","plans especials","Pla especial d'usos del districte de Gràcia [2001]","Pla especial d'establiments de concurrència pública al Districte de Gràcia [2001]","text",""
"Corporació Metropolitana de Barcelona","Barcelona","No","1986-04-24","1986-05-31","1999-05-21","1986-05-31","Aprovat pel Consell Metropolità de 24-04-1986","Substituït pel Pla especial de l'equipament comercial alimentari de Barcelona (PECAB)  [1999] [http://hdl.handle.net/11703/91553]","","","","application/pdf","7 p.","9923","","Butlletí Oficial de la Província de Barcelona, núm. 130 (31-05-1986)","","","http://hdl.handle.net/11703/91552","cat","","","","","","Reproducció digital del document en suport original","","http://hdl.handle.net/11703/91553","","","","","","Domini públic","openAccess","","https://creativecommons.org/choose/zero/?lang=ca","Establiments comercials. Alimentació. Restaurants","Legislació i justícia. Comerç","plans especials. documents digitalitzats","Pla especial de l'equipament comercial alimentari de Barcelona (PECAB) [1986]","PECAB","text",""
"Comissió d'Urbanisme de Barcelona","Barcelona. Districte 1. Ciutat Vella","No","1997-04-25","1997-07-16","","","Aprovada per la Comissió d'Urbanisme de 21-05-1997","","Modifica el Pla especial de regulació dels establiments de concurrència pública i hoteleria del Districte de Ciutat Vella [1992] [http://hdl.handle.net/11703/91543]","Digitalitzat pel SEDAC","","application/pdf","1 p.","9078","","Diari Oficial de la Generalitat de Catalunya, núm. 2434 (16-07-1997), p. 8149","","","http://hdl.handle.net/11703/91544","cat","","","","","","Reproducció digital del document en suport original","","","http://hdl.handle.net/11703/91543","","","","","Domini públic","openAccess","","https://creativecommons.org/choose/zero/?lang=ca","Establiments de concurrència pública. Hoteleria. Establiments comercials","Legislació i justícia. Comerç","plans especials. documents digitalitzats","Pla especial de regulació dels establiments de concurrència pública i hoteleria del Districte de Ciutat Vella [1992] : modificació [1997-04-25]","","text",""
"Ajuntament de Barcelona","Barcelona. Districte 1. Ciutat Vella. Rambla, La (Barcelona)","Si","2015-12-28","2016-01-18","","2015-12-28","Aprovat per Decret de l'Alcaldia de 28-12-2015. Aquest manual operatiu, substitueix pel que fa a la zona ZE-5B, al ja aprovat a l'octubre de 2013, per al conjunt del Pla d'usos del Districte de Ciutat Vella","","","","","application/pdf","4 p.","","Núm. Reg. 022016000289","Butlletí Oficial de la Província de Barcelona (18-01-2016)","","","http://hdl.handle.net/11703/97272","cat","","","","","","","","","","","","","","Domini públic","openAccess","","http://creativecommons.org/publicdomain/mark/1.0/deed.ca","Establiments comercials. Establiments de concurrència pública. Restaurants. Hotels","Urbanisme i infraestructures","plans especials","Manual operatiu del Pla Especial d'Establiments de Concurrència Pública, Hoteleria i altres activitats a Ciutat Vella relatiu a la Zona Rambla, ZE-5B [2015]","","text",""
"Ajuntament de Barcelona","Barcelona. Districte 4. Les Corts","Si","2015-01-30","2015-02-26","","2015-02-26","Aprovat pel Plenari del Consell Municipal de 30-01-2015","","Substitueix el Pla especial dels establiments de concurrència pública del Districte de Les Corts [1993] [http://hdl.handle.net/11703/91550]","","","application/pdf","9 p.","18018","Exp. núm. 14PL16239","Butlletí Oficial de la Província de Barcelona (26-02-2015)","","","http://hdl.handle.net/11703/86877","cat","","","","","","","","","","","http://hdl.handle.net/11703/89250","http://hdl.handle.net/11703/91550","","Domini públic","openAccess","","http://creativecommons.org/publicdomain/mark/1.0/deed.ca","Establiments de concurrència pública. Establiments comercials. Hoteleria","Legislació i justícia. Comerç","plans especials","Pla especial d'establiments de concurrència pública del Districte de Les Corts [2015]","Pla especial d'establiments de concurrència pública del Districte de Les Corts i regulació d'altres activitats [2015]","text",""
"Ajuntament de Barcelona","Barcelona. Districte 3. Sants-Montjuïc","Si","2000-07-21","2000-08-14","","2000-08-15","Aprovades pel Plenari del Consell Municipal de 21-07-2000","","","","","application/pdf","7 p.","6162","","Butlletí Oficial de la Província de Barcelona, núm. 194 (14-08-2000), p. 57-63","","","http://hdl.handle.net/11703/89291","cat","","","","","","","","","","","http://hdl.handle.net/11703/84038","","","Domini públic","openAccess","","http://creativecommons.org/publicdomain/mark/1.0/deed.ca","Patrimoni cultural. Urbanisme","Legislació i justícia. Cultura i oci. Urbanisme i infraestructures","plans especials","Pla especial de protecció del patrimoni arquitectònic històric artístic de la ciutat de Barcelona (Districte de Sants-Montjuïc) : normes urbanístiques [2000]","","text",""
"Gerència d'Ecologia Urbana","Orfila, Plaça (Barcelona). Meridiana, Avinguda (Barcelona). Ignasi Iglésias, Carrer (Barcelona). Gran de Sant Andreu, Carrer (Barcelona). Grau, Carrer (Barcelona). Barcelona. Districte 9. Sant Andreu","Si","2017-05-26","2017-06-26","","2017-06-27","Aprovat pel Plenari del Consell Municipal de 26-05-2017","","","","","application/pdf","10 p.","","Núm. Exp. 15PL16367.","Butlletí Oficial de la Província de Barcelona (26-06-2017)","","","http://hdl.handle.net/11703/102821","cat","","","","","","","","","","","","","","Domini públic","openAccess","","http://creativecommons.org/publicdomain/mark/1.0/deed.ca","Patrimoni cultural. Edificis històrics. Urbanisme","Urbanisme i infraestructures","plans especials","Pla Especial de Protecció del subàmbit Poble Antic i del nucli antic de Sant Andreu [2017]","","text",""
"Ajuntament de Barcelona","Barcelona. Districte 7. Horta-Guinardó","Si","2000-07-21","2000-08-14","","2000-08-15","Aprovades pel Plenari del Consell Municipal de 21-07-2000","","","","","application/pdf","7 p.","6166","","Butlletí Oficial de la Província de Barcelona, núm. 194 (14-08-2000), p. 70-76","","","http://hdl.handle.net/11703/89287","cat","","","","","","","","","","","http://hdl.handle.net/11703/84038","","","Domini públic","openAccess","","http://creativecommons.org/publicdomain/mark/1.0/deed.ca","Patrimoni cultural. Urbanisme","Legislació i justícia. Cultura i oci. Urbanisme i infraestructures","plans especials","Pla especial de protecció del patrimoni arquitectònic històric artístic de la ciutat de Barcelona (Districte d'Horta-Guinardó) : normes urbanístiques [2000]","","text",""
"Ajuntament de Barcelona","Port Olímpic (Barcelona). Barcelona. Districte 10. Sant Martí","Si","2006-07-21","2006-09-08","","2006-09-08","Aprovades pel Plenari del Consell Municipal de 21-07-2006","","","","","application/pdf","5 p.","6170","","Butlletí Oficial de la Província de Barcelona, núm.  215 (08-09-2006), p. 29-33","","","http://hdl.handle.net/11703/86885","cat","","","","","","","","","","","14957","","","Domini públic","openAccess","","http://creativecommons.org/publicdomain/mark/1.0/deed.ca","Urbanisme. Restaurants. Hotels. Bars. Establiments de concurrència pública. Terrasses (Hoteleria). Hoteleria","Legislació i justícia. Comerç","plans especials","Pla especial d'usos del Port olímpic de Barcelona [2006]","","text",""
"Direcció de Serveis de Llicències. Gerència d'Ecologia Urbana. Gerència Adjunta d'Urbanisme. dc.contributor.author[ca]. dc.contributor.author","Barcelona","Si","2017","2017","","","Podeu consultar la versió en català a: http://hdl.handle.net/11703/105657. El Manual operatiu es basa en el Pla especial urbanístic per a la regulació dels establiments d'allotjament turístic, albergs de joventut, residències col·lectives d'allotjament temporal i habitatges d'ús turístic a la ciutat de Barcelona [2017] [http://hdl.handle.net/11703/101005]. Podeu consultar la versió publicada al Butlletí Oficial de la Província de Barcelona a: http://hdl.handle.net/11703/105110","","","","","application/pdf","40 p.","","","","","","http://hdl.handle.net/11703/106063","cas","","http://hdl.handle.net/11703/105657","","http://hdl.handle.net/11703/101005","","","","","","http://hdl.handle.net/11703/105110","","","","CC-BY","openAccess","Ajuntament de Barcelona","http://creativecommons.org/licenses/by/4.0/deed.ca","Turisme i urbanisme. Allotjament turístic. Albergs de joventut. Col·legis majors universitaris","Turisme","plans especials","Manual operativo del plan especial urbanístico para la ordenación de los establecimientos de alojamiento turístico, albergues de juventud, residencias colectivas de alojamiento temporal y viviendas de uso turístico en la ciudad de Barcelona (PEUAT) [2017]","","text",""
"Ajuntament de Barcelona","Poblenou (Barcelona : Barri). Barcelona. Districte 10. Sant Martí","Si","2006-11-24","2006-12-21","","2006-12-23","Aprovades pel Plenari del Consell Municipal de 24-11-2006","","","","","application/pdf","7 p.","6354","","Butlletí Oficial de la Província de Barcelona, núm. 304 (21-12-2006), p. 27-33","","","http://hdl.handle.net/11703/86883","cat","","","","","","","","","","","http://hdl.handle.net/11703/84038","","","Domini públic","openAccess","","http://creativecommons.org/publicdomain/mark/1.0/deed.ca","Patrimoni cultural. Urbanisme","Legislació i justícia. Cultura i oci. Urbanisme i infraestructures","plans especials","Pla especial de protecció del patrimoni arquitectònic històric artístic de la ciutat de Barcelona (Districte de Sant Martí). Patrimoni industrial del Poblenou : normes urbanístiques [2006]","","text",""
"Ajuntament de Barcelona","Barcelona. Districte 6. Gràcia","Si","2000-05-26","2000-06-14","","2000-06-15","Aprovades pel Plenari del Consell Municipal de 26-05-2000","","","","","application/pdf","7 p.","6165","","Butlletí Oficial de la Província de Barcelona, núm.  142 (14-06-2000),  p. 36-42","","","http://hdl.handle.net/11703/89293","cat","","","","","","","","","","","http://hdl.handle.net/11703/84038","","","Domini públic","openAccess","","http://creativecommons.org/publicdomain/mark/1.0/deed.ca","Patrimoni cultural. Urbanisme","Legislació i justícia. Cultura i oci. Urbanisme i infraestructures","plans especials","Pla especial de protecció del patrimoni arquitectònic històric artístic de la ciutat de Barcelona (Districte de Gràcia) : normes urbanístiques [2000]","","text",""
"Ajuntament de Barcelona","Barcelona. Districte 7. Horta-Guinardó. Horta (Barcelona : Barri)","Si","2015-05-05","2015-06-10","","2015-06-10","Aprovada pel Plenari del Consell Municipal de 05-05-2015","","Substitueix el Pla Especial d'establiments de Concurrència Pública, hoteleria i altres activitats del Nucli Antic d'Horta [2005] [http://hdl.handle.net/11703/97424]","","","application/pdf","16 p.","19026","","Butlletí Oficial de la Província de Barcelona (10-06-2015)","","","http://hdl.handle.net/11703/86878","cat","","","","","","","","","","","http://hdl.handle.net/11703/89250","http://hdl.handle.net/11703/97424","","Domini públic","openAccess","","http://creativecommons.org/publicdomain/mark/1.0/deed.ca","Hoteleria. Establiments de concurrència pública. Establiments comercials","Legislació i justícia. Comerç","plans especials","Pla especial d'establiments de concurrència pública i altres activitats a l'àmbit del casc antic d'Horta, del districte d'Horta-Guinardó [2015]","","text",""
"Ajuntament de Barcelona","Barcelona. Districte 5. Sarrià-Sant Gervasi","Si","2006-12-22","2007-01-26","","2007-01-27","Aprovat pel Plenari del Consell Municipal de 22-12-2006","","Substitueix el Pla especial d'ordenació dels establiments de concurrència pública del districte de Sarrià-Sant Gervasi [1993] [http://hdl.handle.net/11703/91551]","","","application/pdf","14 p.","6174","","Butlletí Oficial de la Província de Barcelona, núm. 23 (26-01-2007), p. 25-38","","","http://hdl.handle.net/11703/89281","cat","","","","","","","","","","","http://hdl.handle.net/11703/89250","http://hdl.handle.net/11703/91551","","Domini públic","openAccess","","http://creativecommons.org/publicdomain/mark/1.0/deed.ca","Establiments comercials. Establiments de concurrència pública. Hoteleria","Legislació i justícia. Comerç","plans especials","Pla especial d'establiments de concurrència pública i altres activitats del Districte de Sarrià-Sant Gervasi [2006]","","text",""
"Ajuntament de Barcelona","Barcelona. Districte 2. Eixample. Sagrada Família (Barcelona : Barri)","Si","2012-11-26","2012-10-26","","2012-11-26","Aprovat pel Plenari del Consell Municipal de 26-10-2012","","Modifica la Pla especial d'ordenació dels establiments comercials destinats a la venda d'articles de record o souvenirs a la ciutat de Barcelona [2008] [http://hdl.handle.net/11703/89283]","","Inclou: Modificació puntual del Pla especial d'ordenació dels establiments comercials destinats a la venda d'articles de record o souvenirs a la ciutat de Barcelona [2008]","application/pdf","2 p.","18858","Exp. núm. 11PL 15893","Butlletí Oficial de la Província de Barcelona (26-11-2012)","","","http://hdl.handle.net/11703/91557","cat","","","","","","","http://hdl.handle.net/11703/101787","","http://hdl.handle.net/11703/89283","","","","","Domini públic","openAccess","","http://creativecommons.org/publicdomain/mark/1.0/deed.ca","Establiments comercials. Records (Objectes)","Legislació i justícia. Comerç","plans especials","Pla especial d'ordenació dels establiments comercials destinats a la venda d'articles de record o souvenirs a la ciutat de Barcelona [2008] : modificació [2012]","Pla especial d'ordenació dels establiments comercials destinats a venda d'articles de record o souvenirs a l'àrea de la Sagrada Família [2012]","text",""
"Direcció de Serveis de Llicències. Gerència d'Ecologia Urbana. Gerència Adjunta d'Urbanisme","Barcelona","Si","2017-07-20","2017-07-28","","2017-07-20","Aprovat per la Comissió de Govern de 20-07-2017. El Manual operatiu es basa en el Pla especial urbanístic per a la regulació dels establiments d'allotjament turístic , albergs de joventut, residències col·lectives d'allotjament temporal i habitatges d'ús turístic a la ciutat de Barcelona [2017] [http://hdl.handle.net/11703/101005]. Podeu consultar-ne una altra versió en català a: http://hdl.handle.net/11703/105657 i en castellà a:  http://hdl.handle.net/11703/106063","","","","","application/pdf","44 p.","","Núm. Exp. 15PL16354","Butlletí Oficial de la Província de Barcelona (28-07-2017)","","","http://hdl.handle.net/11703/105110","cat","Ajuntament de Barcelona","","http://hdl.handle.net/11703/105657. http://hdl.handle.net/11703/106063","http://hdl.handle.net/11703/101005","","","","","","","","","","Domini públic","openAccess","Ajuntament de Barcelona","http://creativecommons.org/publicdomain/mark/1.0/deed.ca","Turisme i urbanisme. Allotjament turístic. Albergs de joventut. Col·legis majors universitaris","Habitatge. Legislació i justícia. Turisme","plans especials. acords","Manual operatiu del Pla Especial Urbanístic per a l'ordenació dels establiments d'allotjament turístic, albergs  de joventut, residències col·lectives d'allotjament temporal i habitatges d'ús turístic a la ciutat de Barcelona (PEUAT) [2017] [versió Butlletí Oficial de la Província de Barcelona]","","text",""
"Gerència d'Ecologia Urbana. Ajuntament de Barcelona","Barcelona. Districte 3. Sants-Montjuïc. Poble Sec (Barcelona : Barri)","Si","2016-05-27","2016-07-05","","2016-07-05","Aprovat pel Plenari del Consell Municipal de 27-05-2016","","","","","application/pdf","23 p.","","Exp. Núm.14PL16242","Butlletí Oficial de la Província de Barcelona (05-07-2016)","","","http://hdl.handle.net/11703/97584","cat","","","","","","","","","","","http://hdl.handle.net/11703/88842. http://hdl.handle.net/11703/89250. http://hdl.handle.net/11703/86879. Pla General Metropolità de 1976 i les seves modificacions","","","Domini públic","openAccess","","http://creativecommons.org/publicdomain/mark/1.0/deed.ca","Establiments de concurrència pública. Hoteleria. Establiments comercials","Legislació i justícia. Comerç","plans especials","Pla especial d'establiments de pública concurrència i altres activitats al Barri del Poble Sec al Districte de Sants-Montjuïc [2016]","","text",""
"Ajuntament de Barcelona","Poblenou (Barcelona : Barri). Barcelona. Districte 10. Sant Martí","Si","2010-10-01","2010-11-03","","2010-11-04","Aprovades pel Plenari del Consell Municipal de 01-10-2010","","","","","application/pdf","12 p.","6371","","Butlletí Oficial de la Província de Barcelona (03-11-2010)","","","http://hdl.handle.net/11703/86882","cat","","","","","","","","","","","http://hdl.handle.net/11703/84038","","","Domini públic","openAccess","","http://creativecommons.org/publicdomain/mark/1.0/deed.ca","Patrimoni cultural. Urbanisme","Legislació i justícia. Cultura i oci. Urbanisme i infraestructures","plans especials","Pla especial de protecció del patrimoni arquitectònic històric artístic de la ciutat de Barcelona (Districte de Sant Martí). Casc antic del Poblenou : normes urbanístiques [2010]","","text",""
"Ajuntament de Barcelona","Barcelona. Districte 1. Ciutat Vella. Barcelona. Districte 2. Eixample. Dreta de l'Eixample (Barcelona : Barri). Fort Pienc (Barcelona : Barri). Sant Pere, Santa Caterina i la Ribera (Barcelona : Barri)","Si","2008-07-25","2008-09-26","","2008-10-10","Aprovat pel Plenari del Consell Municipal de 25-07-2008","","","","","application/pdf","6 p.","6184","","Butlletí Oficial de la Província de Barcelona, núm. 232 (26-09-2008), p. 32-37","","","http://hdl.handle.net/11703/89284","cat","","","","","","","","","","","14957","","","Domini públic","openAccess","","http://creativecommons.org/publicdomain/mark/1.0/deed.ca","Establiments comercials. Comerç a l'engròs","Legislació i justícia. Comerç","plans especials","Pla especial d'ordenació dels establiments comercials majoristes en determinats sectors dels barris de la Dreta de l'Eixample i Fort Pienc, del Districte de l'Eixample i del barri de Sant Pere, del Districte de Ciutat Vella [2008]","","text",""
"Ajuntament de Barcelona","Barcelona. Districte 10. Sant Martí","Si","2016-07-22","2016-09-13","","2016-09-12","Aprovat pel Plenari del Consell Municipal de 22-07-2016","","","","","application/pdf","14 p.","","Exp. Núm. 14PL16240","Butlletí Oficial de la Província de Barcelona (12-09-2016)","","","http://hdl.handle.net/11703/98144","cat","","","","","","","","","","","","http://hdl.handle.net/11703/89282","","Domini públic","openAccess","","http://creativecommons.org/publicdomain/mark/1.0/deed.ca","Establiments de concurrència pública. Hoteleria. Establiments comercials","Legislació i justícia. Comerç","plans especials","Pla especial d'establiments de concurrència pública i dels comerços alimentaris amb degustació al districte de Sant Martí [2016]","","text",""
"Ajuntament de Barcelona","Barcelona. Districte 2. Eixample","Si","2000-05-26","2000-06-14","","2000-06-15","Aprovades pel Plenari del Consell Municipal de 26-05-2000","","","","","application/pdf","7 p.","6161","","Butlletí Oficial de la Província de Barcelona, núm.  142 (14-06-2000), p. 23-29","","","http://hdl.handle.net/11703/89295","cat","","","","","","","","","","","http://hdl.handle.net/11703/84038","","","Domini públic","openAccess","","http://creativecommons.org/publicdomain/mark/1.0/deed.ca","Patrimoni cultural. Urbanisme","Legislació i justícia. Cultura i oci. Urbanisme i infraestructures","plans especials","Pla especial de protecció del patrimoni arquitectònic històric artístic de la ciutat de Barcelona (Districte de l'Eixample) : normes urbanístiques [2000]","","text",""
"Gerència d'Ecologia Urbana. Ajuntament de Barcelona","Barcelona","","2016-05-27","2016-06-10","","26/05/2016","Aprovat pel Plenari del Consell Municipal de 27-05-2016","","","","","application/pdf","4 p.","","Exp. núm. 14PL16212","","","","http://hdl.handle.net/11703/97427","cat","","","","","","","","","","","","","","Domini públic","openAccess","","http://creativecommons.org/publicdomain/mark/1.0/deed.ca","Clubs socials de cànnabis. Establiments de concurrència pública","Cultura i oci. Urbanisme i infraestructures","plans especials","Pla especial urbanístic per a l'ordenació territorial dels clubs i associacions de consumidors de cànnabis a la ciutat de Barcelona","","text",""
"Gerència d'Ecologia Urbana. Direcció de Serveis Tècnic-Jurídics","Barcelona","Si","2018-02-23","2018-03-26","","2018-03-26","Aprovat pel Plenari del Consell Municipal de 23-02-2018. El Butlletí Oficial de la Província de Barcelona va publicar el 22-03-2018 una versió incompleta del Pla, en la que faltaven uns articles i els annexos. Fa referència al Pla especial d'equipament comercial alimentari de Barcelona (PECAB) [2015] [http://hdl.handle.net/11703/86879]. Fa referència al Pla especial urbanístic per a la regulació dels establiments d'allotjament turístic, albergs de joventut, residències col·lectives d'allotjament temporal i habitatges d'ús turístic a la ciutat de Barcelona [2017] [http://hdl.handle.net/11703/101005]. Fa referència a l'Ordenança de circulació de vianants i de vehicles [1998] [http://hdl.handle.net/11703/89263]","","Deroga el Pla especial d'establiments de concurrència pública, hoteleria i altres activitats del Districte de Ciutat Vella [2013] [http://hdl.handle.net/11703/86875]","","","application/pdf","24 p.","","Núm. Exp. 16PL16426","Butlletí Oficial de la Província de Barcelona (26-03-2018)","","","http://hdl.handle.net/11703/108624","cat","","","","","","","","","","","http://hdl.handle.net/11703/86879. http://hdl.handle.net/11703/101005. http://hdl.handle.net/11703/89263","http://hdl.handle.net/11703/86875","","Domini públic","openAccess","","http://creativecommons.org/publicdomain/mark/1.0/deed.ca","Allotjament turístic. Establiments de concurrència pública. Establiments comercials","Comerç. Legislació i justícia. Turisme","plans especials","Pla especial d'establiments de concurrència pública, comerços alimentaris, serveis turístics i altres activitats del Districte de Ciutat Vella [2018]","Pla especial urbanístic d'ordenació de les activitats de pública concurrència, comerços alimentaris, serveis turístics i altres activitats al Districte de Ciutat Vella (Pla d'usos de Ciutat Vella)","text",""
"Gerència d'Ecologia Urbana. Direcció de Serveis Tècnic-Jurídics","Barcelona. Districte 1. Ciutat Vella. Raval (Barcelona : Barri). Rambla, La (Barcelona). Josep Carner, Passeig (Barcelona). Paral·lel, Avinguda (Barcelona). Sant Pau, Ronda (Barcelona). Sant Antoni, Ronda (Barcelona). Universitat, Plaça (Barcelona). Pelai, Carrer (Barcelona)","Si","2018-02-23","2018-03-16","","2018-03-17","Aprovada pel Plenari del Consell Municipal de 23-02-2018","","Modifica el Pla especial de protecció del patrimoni arquitectònic històric artístic de la ciutat de Barcelona (Districte de Ciutat Vella) : normes urbanístiques [2000] [http://hdl.handle.net/11703/89288]","","Annex a les normes: Fitxes de protecció de patrimoni (fàbriques i cases fàbrica)","application/pdf","89 p.","","Núm. Exp. 16PL16408","Butlletí Oficial de la Província de Barcelona (16-03-2018)","","","http://hdl.handle.net/11703/108557","cat","","","","","","","","","http://hdl.handle.net/11703/89288","","","","","Domini públic","openAccess","","http://creativecommons.org/publicdomain/mark/1.0/deed.ca","Patrimoni cultural. Urbanisme. Rehabilitació urbana. Arqueologia industrial. Fàbriques","Cultura i oci. Legislació i justícia. Urbanisme i infraestructures","plans especials","Pla especial de protecció del patrimoni arquitectònic històric artístic de la ciutat de Barcelona (Districte de Ciutat Vella) : normes urbanístiques [2000] : modificació [2017-02-23]","Pla especial de protecció del patrimoni arquitectònic, històric, artístic al Districte de Ciutat Vella per a incorporar el patrimoni industrial del Raval","text",""
"Ajuntament de Barcelona","Barcelona. Districte 1. Ciutat Vella","Si","2015-03-23","2015-02-27","","2015-03-23","Aprovat pel Plenari del Consell Municipal de 27-02-2015","","","","","application/pdf","4 p.","18346","","Butlletí Oficial de la Província de Barcelona (23-03-2015)","","","http://hdl.handle.net/11703/91561","cat","","","","","","","","","","","","","","Domini públic","openAccess","","http://creativecommons.org/publicdomain/mark/1.0/deed.ca","Establiments comercials. Establiments de concurrència pública. Activitats culturals. Bars","Legislació i justícia. Comerç","plans especials","Pla especial integral d'usos de l'edifici del Portal de la Pau : normes urbanístiques [2015]","","text",""
"Ajuntament de Barcelona","Barcelona","Si","2008-06-27","2008-08-06","","2008-08-06","Aprovat pel Plenari del Consell Municipal de 27-06-2008","","","","","application/pdf","3 p.","6183","","Butlletí Oficial de la Província de Barcelona, núm. 188 (06-08-2008), p. 47-49","","","http://hdl.handle.net/11703/89283","cat","","","","","","","","","","","","","http://hdl.handle.net/11703/91557","Domini públic","openAccess","","http://creativecommons.org/publicdomain/mark/1.0/deed.ca","Establiments comercials. Records (Objectes)","Legislació i justícia. Comerç","plans especials","Pla especial d'ordenació dels establiments comercials destinats a la venda d'articles de record o souvenirs a la ciutat de Barcelona [2008]","","text",""
"Ajuntament de Barcelona","Barcelona. Districte 6. Gràcia","Si","2016-05-27","2016-06-27","","2016-06-27","Aprovat pel Plenari del Consell Municipal de 27-05-2016","","Substitueix el Pla especial d'establiments de concurrència pública del Districte de Gràcia [2005] [http://hdl.handle.net/11703/97965]","","Conté: Correcció d'errades","application/pdf","39 p.","","Exp. Núm. 14PL16208","Butlletí Oficial de la Província de Barcelona (27-06-2016). Correcció d'errades: Butlletí Oficial de la Província de Barcelona (26-07-2016). Correcció d'errades: Butlletí Oficial de la Província de Barcelona (28-11-2016)","","","http://hdl.handle.net/11703/97509","cat","","","","","","","","","","","","http://hdl.handle.net/11703/97965","","Domini públic","openAccess","","http://creativecommons.org/publicdomain/mark/1.0/deed.ca","Establiments de concurrència pública. Establiments comercials. Hoteleria","Legislació i justícia. Comerç","plans especials","Pla especial d'establiments de concurrència pública i altres activitats del Districte de Gràcia [2016]","","text",""
"Ajuntament de Barcelona","Barcelona. Districte 4. Les Corts","Si","2000-07-21","2000-08-14","","2000-08-15","Aprovades pel Plenari del Consell Municipal de 21-07-2000","","","","","application/pdf","7 p.","6163","","Butlletí Oficial de la Província de Barcelona, núm. 194 (14-08-2000), p. 64-70","","","http://hdl.handle.net/11703/89289","cat","","","","","","","","","","","http://hdl.handle.net/11703/84038","","","Domini públic","openAccess","","http://creativecommons.org/publicdomain/mark/1.0/deed.ca","Patrimoni cultural. Urbanisme","Legislació i justícia. Cultura i oci. Urbanisme i infraestructures","plans especials","Pla especial de protecció del patrimoni arquitectònic històric artístic de la ciutat de Barcelona (Districte de Les Corts) : normes urbanístiques  [2000]","","text",""
"Ajuntament de Barcelona","Rambla, La (Barcelona). Barcelona. Districte 1. Ciutat Vella","Si","2016-05-27","2016-06-27","","2016-06-27","Aprovat pel Plenari del Consell Municipal de 27-05-2016. Podeu consultar la nota de premsa L’Ajuntament de Barcelona convoca un concurs internacional per a la transformació de la Rambla [http://hdl.handle.net/11703/101747]","","","","","application/pdf","13 p.","","Exp. núm. 14PL16275","Butlletí Oficial de la Província de Barcelona (27-06-2016)","","","http://hdl.handle.net/11703/97511","cat","","","","","http://hdl.handle.net/11703/101747","","","","","","","","","Domini públic","openAccess","","http://creativecommons.org/publicdomain/mark/1.0/deed.ca","Urbanisme. Mobilitat urbana. Venedors de periòdics. Enllumenat públic. Terrasses (Hoteleria). Semàfors. Venda ambulant. Quadres vius. Línies elèctriques subterrànies. Turisme i urbanisme","Legislació i justícia. Comerç. Urbanisme i infraestructures","plans especials","Pla especial d'ordenació de la Rambla de Barcelona. Districte de Ciutat Vella [2016]","","text",""
"Ajuntament de Barcelona","Barcelona. Districte 1. Ciutat Vella","Si","2000-10-27","2000-11-18","","2000-11-18","Aprovat pel Plenari del Consell Municipal de 27-10-2000. Fa referència a l'Ordenanza sobre protección del patrimonio arquitectónico, histórico-artístico de la ciudad de Barcelona [1979] [http://hdl.handle.net/11703/84038]","Modificat pel Plenari del Consell Municipal de 23-02-2018 [http://hdl.handle.net/11703/108557]","","","","application/pdf","7 p.","6160","","Butlletí Oficial de la Província de Barcelona, núm. 277 Annex I (18-11-2000), p. 7-13","","","http://hdl.handle.net/11703/89288","cat","","","","","","","","","","","http://hdl.handle.net/11703/84038","","http://hdl.handle.net/11703/108557","Domini públic","openAccess","","http://creativecommons.org/publicdomain/mark/1.0/deed.ca","Patrimoni cultural. Urbanisme","Legislació i justícia. Cultura i oci. Urbanisme i infraestructures","plans especials","Pla especial de protecció del patrimoni arquitectònic històric artístic de la ciutat de Barcelona (Districte de Ciutat Vella) : normes urbanístiques [2000]","","text",""
"Ajuntament de Barcelona","Barcelona. Districte 1. Ciutat Vella","Si","2013-10-07","2013-10-29","","2013-10-07","Aprovat per Decret de l'Alcaldia de 07-10-2013","","Substitueix el Manual operatiu del Pla especial d’establiments de concurrència pública, hoteleria i altres activitats a Ciutat Vella [2011] [http://hdl.handle.net/11703/91549]","","","application/pdf","8 p.","","Núm. Reg. 022013025896","","","","http://hdl.handle.net/11703/97408","cat","","","","","","","","","","","","http://hdl.handle.net/11703/91549","","Domini públic","openAccess","","http://creativecommons.org/publicdomain/mark/1.0/deed.ca","Establiments de concurrència pública. Establiments comercials. Hoteleria","Legislació i justícia. Comerç","plans especials","Manual operatiu del Pla especial d'establiments de concurrència pública, hoteleria i altres activitats a Ciutat Vella [2013]","","text",""
"Ajuntament de Barcelona","Barcelona. Districte 1. Ciutat Vella","Si","2013","2013-07-24","","2013-10-05","Aprovat pel Plenari del Consell Municipal de 24-07-2013","","","Digitalitzat pel SEDAC","","application/pdf","298 p.","11638","","","","","http://hdl.handle.net/11703/91558","cat","","","","http://hdl.handle.net/11703/86875","","Reproducció digital del document en suport original","","","","","","","","Domini públic","openAccess","","http://creativecommons.org/publicdomain/mark/1.0/deed.ca","Establiments de concurrència pública. Establiments comercials. Hoteleria","Legislació i justícia. Comerç","plans especials. documents digitalitzats","Pla especial d'establiments de concurrencia pública, hoteleria i altres activitats del Districte de Ciutat Vella [2013] [versió presentació]","","text",""
"Ajuntament de Barcelona","Poblenou (Barcelona : Barri). Barcelona. Districte 10. Sant Martí","Si","2006-11-13","2006","","2006-12-23","A la portada: Aprovació definitiva, Barcelona, novembre de 2006.","","","","","application/pdf","53 p.. 10 p.","3201. 3202","","","","","http://hdl.handle.net/11703/86881","cat","","","","","","","","","","","http://hdl.handle.net/11703/84038","","","CC-BY","openAccess","Ajuntament de Barcelona","http://creativecommons.org/licenses/by/4.0/deed.ca","Patrimoni cultural. Urbanisme","Legislació i justícia. Cultura i oci. Urbanisme i infraestructures","plans especials","Pla especial de protecció del patrimoni arquitectònic històric artístic de la ciutat de Barcelona (Districte de Sant Martí). Patrimoni industrial del Poblenou [2006]","Modificació del Pla Especial de Protecció del Patrimoni Arquitectònic Historicartístic de la Ciutat de Barcelona","text",""
"Ajuntament de Barcelona","Barcelona. Districte 9. Sant Andreu","Si","2000-06-23","2000-07-26","","2000-07-27","Aprovades pel Plenari del Consell Municipal de 23-06-2000","","","","","application/pdf","7 p.","6168","","Butlletí Oficial de la Província de Barcelona, núm. 178 (26-07-2000), p. 38-44","","","http://hdl.handle.net/11703/89290","cat","","","","","","","","","","","http://hdl.handle.net/11703/84038","","","Domini públic","openAccess","","http://creativecommons.org/publicdomain/mark/1.0/deed.ca","Patrimoni cultural. Urbanisme","Legislació i justícia. Cultura i oci. Urbanisme i infraestructures","plans especials","Pla especial de protecció del patrimoni arquitectònic històric artístic de la ciutat de Barcelona (Districte de Sant Andreu) : normes urbanístiques [2000]","","text",""
"Ajuntament de Barcelona","Barcelona","Si","2017-01-27","2017-03-06","","2017-01-27","Aprovat  pel Plenari del Consell Municipal de 27-01-2017. L'aprovació definitiva del PEUAT es basa en un informe sobre l'Habilitació legal del Pla especial urbanístic com a instrument adient per l'ordenació de l'activitat [http://hdl.handle.net/11703/103415]. L'elaboració del PEUAT es basa en un informe sobre la incidència de l'activitat turística en l'accessibilitat de l'habitatge a Barcelona [http://hdl.handle.net/11703/105037]. L'aprovació del PEUAT es basa en un informe sobre la incidència de la llei de garantia de la unitat de mercat [http://hdl.handle.net/11703/105054]. És base pel Manual operatiu del Pla Especial Urbanístic per a l'ordenació dels establiments d'allotjament turístic, albergs de joventut, residències col·lectives d'allotjament temporal i habitatges d'ús turístic a la ciutat de Barcelona (PEUAT). Podeu consultar la versió publicada al Butlletí Oficial de la Província de Barcelona a: http://hdl.handle.net/11703/105110 i podeu consultar-ne una altra versió en català a: http://hdl.handle.net/11703/105657 i en castellà a: http://hdl.handle.net/11703/106063. Referenciat pel Decret d'alcaldia de Delegació d'atribucions en la Gerència Adjunta d'Urbanisme [2018] [http://hdl.handle.net/11703/108415]. Referenciat pel Balanç del Pla d'Inspecció de Ciutat Vella 2016-2018 : informe [http://hdl.handle.net/11703/108553]. Referenciat pel Pla especial d'establiments de concurrència pública, hoteleria i altres activitats del Districte de Ciutat Vella [2013] : modificació [2018-02-23] [http://hdl.handle.net/11703/108624]","","Deroga el Pla especial urbanístic per a la regulació dels Habitatges d'Ús Turístic a la ciutat de Barcelona [2016] [http://hdl.handle.net/11703/97107]. Queden sense aplicació les determinacions establertes en els diferens Plans especials i Plans d'usos d'Establiments de concurrència Pública anteriors  en allò que regula en aquest pla:. Pla especial d'establiments de concurrència pública i altres activitats del Districte de Sarrià-Sant Gervasi  [2006] [http://hdl.handle.net/11703/89281]. Pla especial d'establiments de concurrencia pública, hoteleria i altres activitats del Districte de Ciutat Vella [2013] [http://hdl.handle.net/11703/86875]. Pla especial d'establiments de concurrència pública, hoteleria i altres activitats de la zona específica ZE-5B ""Zona Rambla"" de Barcelona  [2014] [http://hdl.handle.net/11703/86880]. Pla especial d'establiments de concurrència pública del Districte de Les Corts [2015] [http://hdl.handle.net/11703/86877]. Pla especial d'establiments de concurrència pública i altres activitats a l'àmbit del casc antic d'Horta, del districte d'Horta-Guinardó [2015] [http://hdl.handle.net/1170/86878]. Pla especial d'establiments de pública concurrència i altres activitats al Barri del Poble Sec  al Districte de Sants-Montjuïc  [2016] [http://hdl.handle.net/11703/97584]. Pla especial d'establiments de concurrència pública i dels comerços alimentaris amb degustació al districte de Sant Martí  [2016] [http://hdl.handle.net/11703/98144]. Pla especial d'establiments de concurrència pública i altres activitats del Districte de Gràcia [2016]  [http://hdl.handle.net/11703/97509]","","","application/pdf","17 p.","","Exp. núm. 15PL16354.","Butlletí Oficial de la Província de Barcelona (06-03-2017)","","","http://hdl.handle.net/11703/101005","cat","","","","http://hdl.handle.net/11703/103415. http://hdl.handle.net/11703/105037. http://hdl.handle.net/11703/105054","http://hdl.handle.net/11703/105110. http://hdl.handle.net/11703/105657. http://hdl.handle.net/11703/106063","","http://hdl.handle.net/11703/108415. http://hdl.handle.net/11703/108553. http://hdl.handle.net/11703/108624","","http://hdl.handle.net/11703/89281. http://hdl.handle.net/11703/86875. http://hdl.handle.net/11703/86880. http://hdl.handle.net/11703/86877. http://hdl.handle.net/1170/86878. http://hdl.handle.net/11703/97584. http://hdl.handle.net/11703/98144. http://hdl.handle.net/11703/97509","","","http://hdl.handle.net/11703/97107","","Domini públic","openAccess","","http://creativecommons.org/publicdomain/mark/1.0/deed.ca","Turisme i urbanisme. Allotjament turístic. Albergs de joventut. Col·legis majors universitaris","Legislació i justícia. Habitatge. Turisme","plans especials","Pla especial urbanístic per a la regulació dels establiments d'allotjament turístic , albergs de joventut, residències col·lectives d'allotjament temporal i habitatges d'ús turístic a la ciutat de Barcelona [2017]","Pla Especial Urbanístic d’Allotjaments Turístics (PEUAT)","text",""
"Direcció de Serveis de Llicències. Gerència d'Ecologia Urbana. Gerència Adjunta d'Urbanisme","Barcelona","Si","2017","2017","","","Podeu consultar la versió en castellà a: http://hdl.handle.net/11703/106063. El Manual operatiu es basa en el Pla especial urbanístic per a la regulació dels establiments d'allotjament turístic , albergs de joventut, residències col·lectives d'allotjament temporal i habitatges d'ús turístic a la ciutat de Barcelona [2017] [http://hdl.handle.net/11703/101005]. Podeu consultar la versió publicada al Butlletí Oficial de la Província de Barcelona a: http://hdl.handle.net/11703/105110","","","","","application/pdf","54 p.","","","","","","http://hdl.handle.net/11703/105657","cat","","http://hdl.handle.net/11703/106063","","http://hdl.handle.net/11703/101005","","","","","","http://hdl.handle.net/11703/105110","","","","CC-BY","openAccess","Ajuntament de Barcelona","http://creativecommons.org/licenses/by/4.0/deed.ca","Turisme i urbanisme. Allotjament turístic. Albergs de joventut. Col·legis majors universitaris","Turisme","plans especials","Manual operatiu del Pla Especial Urbanístic per a l'ordenació dels establiments d'allotjament turístic, albergs  de joventut, residències col·lectives d'allotjament temporal i habitatges d'ús turístic a la ciutat de Barcelona (PEUAT) [2017]","","text",""
"Ajuntament de Barcelona","Barcelona","Si","2007-02-23","2007-04-13","","2007-04-13","Aprovat pel Plenari del Consell Municipal de 23-02-2007","","","","","application/pdf","26 p.","10748","","Butlletí Oficial de la Província de Barcelona, núm. 89 (13-04-2007), p. 16-41","","","http://hdl.handle.net/11703/89285","cat","","","","","","","","","","","","","","Domini públic","openAccess","","http://creativecommons.org/publicdomain/mark/1.0/deed.ca","Establiments comercials","Legislació i justícia. Comerç","plans especials","Pla especial del comerç no alimentari de Barcelona (PECNAB) [2007]","PECNAB","text",""
"Àrea d'Economia, Empresa i Ocupació. Ajuntament de Barcelona","Barcelona","","2016-02-26","2016-03-10","","2016-02-26","Aprovat pel Plenari del Consell Municipal de 26-02-2016","","","","","application/pdf","8 p.","","Núm. Exp. 14PL16180.","Butlletí Oficial de la Província de Barcelona (10-03-2016)","","","http://hdl.handle.net/11703/91773","cat","","","","http://hdl.handle.net/11703/88395","","","","","","","","","http://hdl.handle.net/11703/89240","Domini públic","openAccess","","http://creativecommons.org/licenses/by/4.0/deed.ca","Patrimoni cultural. Establiments comercials","Comerç","plans especials","Pla especial de protecció de la qualitat urbana: catàleg de protecció arquitectònic, històric i paisatgístic dels establiments emblemàtics de la ciutat","","text",""
"Ajuntament de Barcelona","Barcelona. Districte 5. Sarrià-Sant Gervasi","Si","2000-06-23","2000-07-26","","2000-07-27","Aprovades pel Plenari del Consell Municipal de 23-06-2000","","","","","application/pdf","7 p.","6164","","Butlletí Oficial de la Província de Barcelona, núm. 178 (26-07-2000), p. 31-37","","","http://hdl.handle.net/11703/89292","cat","","","","","","","","","","","http://hdl.handle.net/11703/84038","","","Domini públic","openAccess","","http://creativecommons.org/publicdomain/mark/1.0/deed.ca","Patrimoni cultural. Urbanisme","Legislació i justícia. Cultura i oci. Urbanisme i infraestructures","plans especials","Pla especial de protecció del patrimoni arquitectònic històric artístic de la ciutat de Barcelona (Districte de Sarrià-Sant Gervasi) : normes urbanístiques [2000]","","text",""
"Ajuntament de Barcelona","Barcelona. Districte 10. Sant Martí","Si","2000-05-26","2000-06-14","","2000-06-15","Aprovades pel Plenari del Consell Municipal de 26-05-2000","","","","","application/pdf","7 p.","6169","","Butlletí Oficial de la Província de Barcelona, núm. 142 (14-06-2000), p. 30-36","","","http://hdl.handle.net/11703/89286","cat","","","","","","","","","","","http://hdl.handle.net/11703/84038","","","Domini públic","openAccess","","http://creativecommons.org/publicdomain/mark/1.0/deed.ca","Patrimoni cultural. Urbanisme","Legislació i justícia. Cultura i oci. Urbanisme i infraestructures","plans especials","Pla especial de protecció del patrimoni arquitectònic històric artístic de la ciutat de Barcelona (Districte Sant Martí) : normes urbanístiques [2000]","","text",""
"Ajuntament de Barcelona","Barcelona","Si","2015-03-27","2015-05-08","","2015-05-08","Aprovat pel Plenari del Consell Municipal de 27-03-2015. Referenciat pel Pla especial d'establiments de concurrència pública, hoteleria i altres activitats del Districte de Ciutat Vella [2013] : modificació [2018-02-23] [http://hdl.handle.net/11703/108624]","","Deroga el Pla especial d'equipament comercial alimentari de Barcelona [2011] [http://hdl.handle.net/11703/91554]","","","application/pdf","12 p.","18687","","Butlletí Oficial de la Província de Barcelona (08-05-2015)","","","http://hdl.handle.net/11703/86879","cat","","","","","","","http://hdl.handle.net/11703/108624","","","","","http://hdl.handle.net/11703/91554","","Domini públic","openAccess","","http://creativecommons.org/publicdomain/mark/1.0/deed.ca","Establiments comercials. Alimentació. Restaurants","Legislació i justícia. Comerç","plans especials","Pla especial d'equipament comercial alimentari de Barcelona (PECAB) [2015]","PECAB","text",""
"Ajuntament de Barcelona","Barcelona. Districte 8. Nou Barris","Si","2000-05-26","2000-06-13","","2000-06-14","Aprovades pel Plenari del Consell Municipal de 26-05-2000","","","","","application/pdf","8 p.","6167","","Butlletí Oficial de la Província de Barcelona, núm.  141 (13-06-2000), p. 15-22","","","http://hdl.handle.net/11703/89294","cat","","","","","","","","","","","http://hdl.handle.net/11703/84038","","","Domini públic","openAccess","","http://creativecommons.org/publicdomain/mark/1.0/deed.ca","Patrimoni cultural. Urbanisme","Legislació i justícia. Cultura i oci. Urbanisme i infraestructures","plans especials","Pla especial de protecció del patrimoni arquitectònic històric artístic de la ciutat de Barcelona (Districte de Nou Barris) : normes urbanístiques [2000]","","text",""
"Ajuntament de Barcelona","Barcelona. Districte 9. Sant Andreu","Si","2015-03-27","2015-04-27","","2015-04-28","Aprovades pel Plenari del Consell Municipal de 27-03-2015","","","","","application/pdf","6 p.","18714","","Butlletí Oficial de la Província de Barcelona (27-04-2015)","","","http://hdl.handle.net/11703/86884","cat","","","","","","","","","","","http://hdl.handle.net/11703/84038","","","Domini públic","openAccess","","http://creativecommons.org/publicdomain/mark/1.0/deed.ca","Patrimoni cultural. Urbanisme","Legislació i justícia. Cultura i oci. Urbanisme i infraestructures","plans especials","Pla especial de protecció del patrimoni del carrer Gran al nucli antic de Sant Andreu : normes urbanístiques [2015]","","text",""
"Ajuntament de Barcelona","Barcelona","Si","2014-12-19","2015-01-22","","2015-01-22","Aprovat pel Plenari del Consell Municipal de 19-12-2014","","","","","application/pdf","21 p.","17590","","Butlletí Oficial de la Província de Barcelona (22-01-2015)","","","http://hdl.handle.net/11703/86880","cat","","","","","","","","","","","http://hdl.handle.net/11703/89250","","","Domini públic","openAccess","","http://creativecommons.org/publicdomain/mark/1.0/deed.ca","Establiments de concurrència pública. Establiments comercials. Hoteleria","Legislació i justícia. Comerç","plans especials","Pla especial d'establiments de concurrència pública, hoteleria i altres activitats de la zona específica ZE-5B ""Zona Rambla"" de Barcelona [2014]","","text",""
"Ajuntament de Barcelona","Barcelona. Districte 1. Ciutat Vella","Si","2013","2013-07-10","","","","","Complementa el Pla d'usos relacionat amb el Pla especial d'establiments de concurrència pública, hoteleria i altres activitats del Districte de Ciutat Vella [2013] [http://hdl.handle.net/11703/86875]","","","application/pdf","3 p.","18105","","","","","http://hdl.handle.net/11703/91559","cat","","","","http://hdl.handle.net/11703/86875","","","","","","","","","","CC-BY","openAccess","Ajuntament de Barcelona","http://creativecommons.org/licenses/by/4.0/deed.ca","Establiments de concurrència pública. Hoteleria. Establiments comercials","Legislació i justícia. Comerç","plans especials","Quadre resum d'aplicació del Pla d'usos de Ciutat Vella","Quadre resum d'aplicació del Pla d'Usos","text",""
