"dccontributorauthor","dccoveragespatial","dccoveragetemporal","dccoveragevigencia","dcdatecreated","dcdateissued","dcdatevalidinici","dcdescription","dcdescriptionabstract","dcdescriptionsponsorship","dcformat","dcformatextent","dcformatmimetype","dcidentifierBG","dcidentifierab","dcidentifiercitation","dcidentifiermandat","dcidentifieruri","dcidentifiervideo","dclanguage","dcpublisher","dcrelation","dcrelationisformatof","dcrelationisrequiredby","dcrelationreferences","dcrights","dcrightsaccessrights","dcrightsrightsHolder","dcrightsuri","dcsubject","dcsubjectcategory","dcsubjectforma","dcsubjectprogramme","dctitle","dctitlealternative","dctype","dctypedriver","Unnamed: 37"
"Acord Ciutadà per una Barcelona Inclusiva | Colau Ballano, Ada","Barcelona | Barcelona | Barcelona","2016","","2016-09","2016-09","","","","","application/pdf","1 p.","application/pdf","","","Acord Ciutadà per una Barcelona Inclusiva: butlletí, núm. 107 (setembre 2016)","Mandat 2015-2019","http://hdl.handle.net/11703/98108","","cat","Acord Ciutadà per una Barcelona Inclusiva","","","","","CC-BY","info:eu-repo/semantics/openAccess","Ajuntament de Barcelona","http://creativecommons.org/licenses/by/4.0/deed.ca","Ajuntament de Barcelona | Assistència social | Ajuntament de Barcelona | Public welfare | Ajuntament de Barcelona | Bienestar social","Sector públic | Societat i benestar","articles","","L'Ajuntament anirà fins allà on vagi la seva ciutadania","","text","info:eu-repo/semantics/article | info:eu-repo/semantics/other",""
"Alcaldia | Clos Matheu, Joan","Gràcia (Barcelona : Barri) | Gràcia (Barcelona : Neighborhood) | Gràcia (Barcelona : Barrio)","2005","","2005","2005-08","","","","","application/pdf","1 p.","application/pdf",8404.0,"","","Mandat 2003-2007","http://hdl.handle.net/11703/86606","","cat","","","","","","CC-BY","info:eu-repo/semantics/openAccess","Ajuntament de Barcelona","http://creativecommons.org/licenses/by/4.0/deed.ca","Festes majors | Festivals | Fiestas","Cultura i oci","bans","","Ban de la Festa Major de Gràcia 2005","","text","info:eu-repo/semantics/other",""
"Alcaldia | Hereu Boher, Jordi","Barcelona | Barcelona | Barcelona","2008 | 2009 | 2010 | 2011","","2007-10","2007-10","","","","","application/pdf","1 p.","application/pdf",8399.0,"","","Mandat 2007-2011","http://hdl.handle.net/11703/86597","","cat","","http://hdl.handle.net/11703/102239","","","","CC-BY","info:eu-repo/semantics/openAccess","Ajuntament de Barcelona","http://creativecommons.org/licenses/by/4.0/deed.ca","Participació ciutadana | Citizen participation | Participación ciudadana","Sector públic","bans","Programa d'Actuació Municipal (PAM) 2008-2011 (Barcelona)","Participeu amb les vostres idees al Programa d'Actuació Municipal 2008-2011","","text","info:eu-repo/semantics/other",""
"Alcaldia | Maragall Mira, Pasqual","Barcelona | Barcelona | Barcelona","1989","","1989","1989-05-30","","","","","application/pdf","2 p.","application/pdf",13349.0,"Ref. NC-88","Gaseta Municipal de Barcelona, núm. 21 (20-06-1989), p. 831-832","Mandat 1987-1991","http://hdl.handle.net/11703/86612","","cat","","","Reproducció digital del document en suport original","","","CC-BY","info:eu-repo/semantics/openAccess","Ajuntament de Barcelona","http://creativecommons.org/licenses/by/4.0/deed.ca","Incendis | Prevenció | Fogueres | Pirotècnia | Revetlles | Festes populars | Fires | Prevention | Bonfires | Fireworks | Verbena (fair) | Folk festivals | Incendios | Prevención | Hogueras | Fuegos artificiales | Verbenas | Fiestas","Seguretat","bans | documents digitalitzats","","Celebració de revetlles i festes populars","","text","info:eu-repo/semantics/other",""
"Alcaldia | Maragall Mira, Pasqual","Gràcia (Barcelona : Barri) | Gràcia (Barcelona : Neighborhood) | Gràcia (Barcelona : Barrio)","1997","","1997","1997-08","","","","","application/pdf","2 p.","application/pdf",8406.0,"","","Mandat 1995-1999","http://hdl.handle.net/11703/86607","","cat","","","","","","CC-BY","info:eu-repo/semantics/openAccess","Ajuntament de Barcelona","http://creativecommons.org/licenses/by/4.0/deed.ca","Festes majors | Festivals | Fiestas","Cultura i oci","bans","","Ban de la Festa Major de Gràcia 1997","","text","info:eu-repo/semantics/other",""
"Alcaldia | Hereu Boher, Jordi","Vila de Gràcia (Barcelona : Barri) | Vila de Gràcia (Barcelona : Neighborhood) | Vila de Gràcia (Barcelona : Barrio)","2010","","2010","2010-08","","","","","application/pdf","1 p.","application/pdf",8393.0,"","","Mandat 2007-2011","http://hdl.handle.net/11703/86601","","cat","","","","","","CC-BY","info:eu-repo/semantics/openAccess","Ajuntament de Barcelona","http://creativecommons.org/licenses/by/4.0/deed.ca","Festes majors | Festivals | Fiestas","Cultura i oci","bans","","Ban de la Festa Major de Gràcia 2010","","text","info:eu-repo/semantics/other",""
"Alcaldia | Serra, Narcís","Barcelona | Barcelona | Barcelona","1982","","1982","1982-05-18","","","","","application/pdf","4 p.","application/pdf",10017.0,"","Gaseta Municipal de Barcelona, núm. 15 (30-05-1982), p. 309-312","Mandat 1979-1983","http://hdl.handle.net/11703/86609","","cat","","","Reproducció digital del document en suport original","","","CC-BY","info:eu-repo/semantics/openAccess","Ajuntament de Barcelona","http://creativecommons.org/licenses/by/4.0/deed.ca","Incendis | Prevenció | Fogueres | Pirotècnia | Revetlles | Festes populars | Fires | Prevention | Bonfires | Fireworks | Verbena (fair) | Folk festivals | Incendios | Prevención | Hogueras | Fuegos artificiales | Verbenas | Fiestas","Seguretat","bans | documents digitalitzats","","Ban sobre la celebració de revetlles i festes populars","","text","info:eu-repo/semantics/other",""
"Alcaldia | Trias Vidal de Llobatera, Xavier","Vila de Gràcia (Barcelona : Barri) | Vila de Gràcia (Barcelona : Neighborhood) | Vila de Gràcia (Barcelona : Barrio)","2012","","2014","2014-08","","","","","image/jpeg","1 p.","image/jpeg",13984.0,"","","Mandat 2011-2015","http://hdl.handle.net/11703/86613","","cat","","","","","","CC-BY","info:eu-repo/semantics/openAccess","Ajuntament de Barcelona","http://creativecommons.org/licenses/by/4.0/deed.ca","Festes majors | Festivals | Fiestas","Cultura i oci","bans","","Ban de la Festa Major de Gràcia 2014","","image","info:eu-repo/semantics/other",""
"Alcaldia | Colau Ballano, Ada","Barcelona | Barcelona | Barcelona","2020","Si","2020-03-18","2020-03-20","2020-03-20","","","","application/pdf","2 documents","application/pdf","","","Butlletí Oficial de la Província de Barcelona (20-03-2020) | Gaseta Municipal de Barcelona (18-03-2020)","Mandat 2019-","http://hdl.handle.net/11703/117916","","cat","","","","<a href=""http://hdl.handle.net/11703/116275"">Ordenança relativa a la restricció de la circulació de determinats vehicles a la ciutat de Barcelona amb l'objectiu de preservar i millorar la qualitat de l'aire [2019]</a>","<a href=""  https://www.boe.es/eli/es/rd/2020/03/14/463/con"" target=""_blank"">Real Decreto 463/2020, de 14 de marzo, por el que se declara el estado de alarma para la gestión de la situación de crisis sanitaria ocasionada por el COVID-19</a>​ | <a href=""http://hdl.handle.net/11703/117865"">Establiment de mesures preventives, de protecció i organitzatives amb motiu del virus COVID-19 [2020]</a>","Domini públic","info:eu-repo/semantics/openAccess","","http://creativecommons.org/publicdomain/mark/1.0/deed.ca","Qualitat de l'aire | Circulació urbana | Vehicles | Transport públic | Multes | Coronavirus | Salut pública | Air quality | Urban traffic | Vehicles | Local transit | Fines (Penalties) | Coronaviruses | Public health | Calidad del aire | Circulación urbana | Vehículos | Transporte público | Multa | Coronavirus | Salud pública","Salut | Sector públic | Transport","bans","","Ban pel qual se suspèn l’aplicació del règim sancionador previst a l’Ordenança relativa a la restricció de la circulació de determinats vehicles a la ciutat de Barcelona amb l’objectiu de preservar i millorar la qualitat de l’aire, amb ocasió de la declaració d’estat d’alarma per la situació de crisi sanitària ocasionada pel COVID-19","","text","info:eu-repo/semantics/other",""
"Alcaldia | Clos Matheu, Joan","Barcelona | Barcelona | Barcelona","2003","","2003","2003-04","","Ban amb motiu de la guerra de l'Iraq de 2003","","","application/pdf","2 p.","application/pdf",8396.0,"","","Mandat 2003-2007","http://hdl.handle.net/11703/86604","","cat","","","","","","CC-BY","info:eu-repo/semantics/openAccess","Ajuntament de Barcelona","http://creativecommons.org/licenses/by/4.0/deed.ca","Pacifisme | Pacifism | Pacifismo","Societat i benestar","bans","","Per una pau justa, aturem la guerra!","","text","info:eu-repo/semantics/other",""
"Alcaldia | Serra, Narcís","Barcelona | Barcelona | Barcelona","1982","","1982","1982-09-28","","","","","application/pdf","2 p.","application/pdf",10018.0,"","Gaseta Municipal de Barcelona, núm. 29 (20-10-82), p. 529-530","Mandat 1979-1983","http://hdl.handle.net/11703/86610","","cat","","","Reproducció digital del document en suport original","","","CC-BY","info:eu-repo/semantics/openAccess","Ajuntament de Barcelona","http://creativecommons.org/licenses/by/4.0/deed.ca","Propaganda electoral | Neteja de carrers | Advertising, Political | Street cleaning | Propaganda política | Limpieza urbana","Sector públic","bans | documents digitalitzats","","Ban ""Quant a la neteja de la ciutat : prevenció de l'embrutiment produït com a conseqüència de les activitats públiques en període electoral""","","text","info:eu-repo/semantics/other",""
"Alcaldia | Trias Vidal de Llobatera, Xavier","Barcelona | Barcelona | Barcelona","2011","","2011","2011-09","","","","","application/pdf","1 p.","application/pdf",8229.0,"","","Mandat 2011-2015","http://hdl.handle.net/11703/86599","","cat","","","","","","CC-BY","info:eu-repo/semantics/openAccess","Ajuntament de Barcelona","http://creativecommons.org/licenses/by/4.0/deed.ca","Festes majors | Festes de la Mercè (Barcelona) | Festivals | La Mercè (Barcelona) | Fiestas | La Mercè (Barcelona)","Cultura i oci","bans","","Ban de la Mercè 2011","","text","info:eu-repo/semantics/other",""
"Alcaldia | Hereu Boher, Jordi","Vila de Gràcia (Barcelona : Barri) | Vila de Gràcia (Barcelona : Neighborhood) | Vila de Gràcia (Barcelona : Barrio)","2008","","2008","2008-08","","","","","application/pdf","1 p.","application/pdf",8394.0,"","","Mandat 2007-2011","http://hdl.handle.net/11703/86602","","cat","","","","","","CC-BY","info:eu-repo/semantics/openAccess","Ajuntament de Barcelona","http://creativecommons.org/licenses/by/4.0/deed.ca","Festes majors | Festivals | Fiestas","Cultura i oci","bans","","Ban de la Festa Major de Gràcia 2008","","text","info:eu-repo/semantics/other",""
"Alcaldia | Clos Matheu, Joan","Barcelona | Barcelona | Barcelona","2004","","2004","2004-05","","","","","application/pdf","1 p.","application/pdf",8403.0,"","","Mandat 2003-2007","http://hdl.handle.net/11703/86605","","cat","","","","","","CC-BY","info:eu-repo/semantics/openAccess","Ajuntament de Barcelona","http://creativecommons.org/licenses/by/4.0/deed.ca","Fòrum Universal de les Cultures Barcelona 2004, S.A. | Fòrum Universal de les Cultures Barcelona 2004, S.A. | Fòrum Universal de les Cultures Barcelona 2004, S.A.","Cultura i oci","bans","","Obrim les portes del Fòrum","","text","info:eu-repo/semantics/other",""
"Alcaldia | Seguí, Benito | Roger, Ignacio | Prats, Benito | Ros, Eudaldo | Bordeje Piña, Hilarion | Ribot, José","Barcelona | Barcelona | Barcelona","","","1843-03-02","1843","","Aprovat pel Plenari del Consell de 02-03-1843 | Publicat el maig de 1839 | Revisat i modificat el 1842","","Digitalitzat pel SEDAC","application/pdf","32 p.","application/pdf",13956.0,"","","Mandats anteriors a 1979","http://hdl.handle.net/11703/96431","","spa","Imprenta del Constitucional","","Reproducció digital del document en suport original","","","Domini públic","info:eu-repo/semantics/openAccess","","http://creativecommons.org/publicdomain/mark/1.0/deed.ca","Edificis | Incendis | Seguretat ciutadana | Neteja de carrers | Urbanisme | Aliments | Establiments comercials | Buildings | Fires | Public security | Street cleaning | City planning | Food | Retail stores | Edificios | Incendios | Seguridad ciudadana | Limpieza urbana | Urbanismo | Alimentos | Comercios","Sector públic | Legislació i justícia","bans | documents digitalitzats","","Bando general de buen gobierno, o de policía urbana para esta ciudad de Barcelona : publicado por su Escmo. Ayuntamiento Constitucional en mayo de 1839 y revisado y adicionado por el de 1842","","text","info:eu-repo/semantics/other",""
"Maragall Mira, Pasqual | Alcaldia","Barcelona | Barcelona | Barcelona","","","1989-11-15","1990","","","","Digitalitzat per l’empresa Artyplan per encàrrec del SEDAC","application/pdf","1 p.","application/pdf","","","La Municipal, núm. 001 (1990)","Mandat 1987-1991","http://hdl.handle.net/11703/99721","","cat","Ajuntament de Barcelona","","Reproducció digital del document en suport original","","","CC-BY","info:eu-repo/semantics/openAccess","Ajuntament de Barcelona","http://creativecommons.org/licenses/by/4.0/deed.ca","Desplaçaments en bicicleta | Bicicletes | Desplazamientos en bicicleta | Bicycles | Desplazamientos en bicicleta | Bicicletas","Sector públic | Transport","bans","","Ban ""Circulació de bicicletes""","","text","info:eu-repo/semantics/other",""
"Alcaldia | Maragall Mira, Pasqual","Barcelona | Barcelona | Barcelona","1992","","1991","1991-12","","","","","application/pdf","2 p.","application/pdf",8395.0,"","","Mandat 1991-1995","http://hdl.handle.net/11703/86603","","cat","","","Reproducció digital del document en suport original","","","CC-BY","info:eu-repo/semantics/openAccess","Ajuntament de Barcelona","http://creativecommons.org/licenses/by/4.0/deed.ca","Jocs Olímpics | Civisme | Olympics | Civics | Juegos Olímpicos | Civismo","Esport","bans | documents digitalitzats","","Ban als ciutadans de Barcelona amb motiu dels Jocs Olímpics","","text","info:eu-repo/semantics/other",""
"Alcaldia | Hereu Boher, Jordi","Barcelona | Barcelona | Barcelona","2010","","2010","2010-10","","Ban amb motiu de la visita a Barcelona del Papa Benet XVI, el 6 i 7 de novembre de 2010","","","application/pdf","1 p.","application/pdf",6590.0,"","","Mandat 2007-2011","http://hdl.handle.net/11703/86598","","cat","","","","","","CC-BY","info:eu-repo/semantics/openAccess","Ajuntament de Barcelona","http://creativecommons.org/licenses/by/4.0/deed.ca","","Societat i benestar","bans","","Barcelona dóna la Benvinguda al Papa Benet XVI","","text","info:eu-repo/semantics/other",""
"Alcaldia | Maragall Mira, Pasqual","Barcelona | Barcelona | Barcelona","1997","","1997","1997-05-30","","","","","application/pdf","2 p.","application/pdf",8412.0,"","","Mandat 1995-1999","http://hdl.handle.net/11703/86608","","cat","","","","","","CC-BY","info:eu-repo/semantics/openAccess","Ajuntament de Barcelona","http://creativecommons.org/licenses/by/4.0/deed.ca","Incendis | Prevenció | Fires | Prevention | Incendios | Prevención","Seguretat","bans","","Prevenció d'incendis forestals","","text","info:eu-repo/semantics/other",""
"Alcaldia | Hereu Boher, Jordi","Diagonal, Avinguda (Barcelona) | Diagonal, Boulevard (Barcelona) | Diagonal, Avenida (Barcelona)","2009","","2009","2009-03","","","","","application/pdf","1 p.","application/pdf",8392.0,"","","Mandat 2007-2011","http://hdl.handle.net/11703/86600","","cat","","","Reproducció digital del document en suport original","","","CC-BY","info:eu-repo/semantics/openAccess","Ajuntament de Barcelona","http://creativecommons.org/licenses/by/4.0/deed.ca","Participació ciutadana | Urbanisme | Citizen participation | City planning | Participación ciudadana | Urbanismo","Urbanisme i infraestructures","bans | documents digitalitzats","","Fem Barcelona, fem la nova Diagonal","","text","info:eu-repo/semantics/other",""
"Alcaldia | Trias Vidal de Llobatera, Xavier","Barcelona | Barcelona | Barcelona","2012","","2012","2012-04","","","","","application/pdf","1 p.","application/pdf",11555.0,"","","Mandat 2011-2015","http://hdl.handle.net/11703/86611","","cat","","","","","","CC-BY","info:eu-repo/semantics/openAccess","Ajuntament de Barcelona","http://creativecommons.org/licenses/by/4.0/deed.ca","Diada de Sant Jordi | Saint George's Day | Día de San Jorge","Cultura i oci","bans","","Ban de Sant Jordi 2012","","text","info:eu-repo/semantics/other",""
"Alcaldia","Barcelona | Barcelona | Barcelona","2018","","2017-09-18","2017-09-18","","","","","application/pdf","3 p.","application/pdf","","","","Mandat 2015-2019","http://hdl.handle.net/11703/111176","","cat","Ajuntament de Barcelona","","","","","CC-BY","info:eu-repo/semantics/openAccess","Ajuntament de Barcelona","http://creativecommons.org/licenses/by/4.0/deed.ca","Medalles | Civisme | Policia local | Mossos d'Esquadra (Catalunya) | Bombers | Sistema d'Emergències Mèdiques | Atemptats | Medals | Civics | Municipal police | Mossos d'Esquadra (Catalunya) | Fire fighters | Sistema d'Emergències Mèdiques | Attacks | Medallas | Civismo | Policía municipal | Mossos d'Esquadra (Catalunya) | Bomberos | Sistema d'Emergències Mèdiques | Atentados","Sector públic | Seguretat","discursos","","Lliurament de la Medalla d’Or al Mèrit Cívic als cossos de seguretat i serveis d’emergència","","text","info:eu-repo/semantics/other",""
"Alcaldia","Barcelona. Districte 2. Eixample | Nova Esquerra de l'Eixample (Barcelona : Barri) | Entença, Carrer (Barcelona) | Nicaragua, Carrer (Barcelona) | Rosselló, Carrer (Barcelona) | Provença, Carrer (Barcelona) | Barcelona. District 2. Eixample | Nova Esquerra de l'Eixample (Barcelona : Neighborhood) | Entença, Street (Barcelona) | Nicaragua, Street (Barcelona) | Rosselló, Street (Barcelona) | Provença, Street (Barcelona) | Barcelona. Distrito 2. Eixample | Nova Esquerra de l'Eixample (Barcelona : Barrio) | Entença, Calle (Barcelona) | Nicaragua, Calle (Barcelona) | Rosselló, Calle (Barcelona) | Provença, Calle (Barcelona)","2018","","2017-01-01","2017-01-01","","","","","application/pdf","2 p.","application/pdf","","","","Mandat 2015-2019","http://hdl.handle.net/11703/111174","","cat","Ajuntament de Barcelona","","","","","CC-BY","info:eu-repo/semantics/openAccess","Ajuntament de Barcelona","http://creativecommons.org/licenses/by/4.0/deed.ca","Presó Model de Barcelona | Exposicions | Equipaments col·lectius | Presó Model de Barcelona | Exhibitions | Infrastructure (Economics) | Presó Model de Barcelona | Exposiciones | Equipamientos colectivos","Cultura i oci","discursos","","Inauguració de l’exposició “La Model ens parla. 113 anys i 13 històries”","","text","info:eu-repo/semantics/other",""
"Gerència de Recursos | Direcció de Serveis de Comunicació Digital | Goroka (Firma)","Barcelona. Districte 1. Ciutat Vella | Bosch i Alsina, Moll (Barcelona) | Barcelona. District 1. Ciutat Vella | Bosch i Alsina, Moll (Barcelona) | Barcelona. Distrito 1. Ciutat Vella | Bosch i Alsina, Moll (Barcelona)","","","2019-01-05","2019-01-05","","","Discurs de l'Alcaldessa Ada Colau de benvinguda als Reis d'Orient al Moll de la Fusta. Inici amb una salutació als Reis d'Orient i seguidament fa menció de l'arribada del vaixell de Proactiva Open Arms al port, reivindicant la importància de la ONG en el salvament de refugiats.","","video/mp4","1 min. 17 s.","video/mp4","","","","Mandat 2015-2019","http://hdl.handle.net/11703/115847","https://bcnroc.ajuntament.barcelona.cat/videos/11703_115847_f0860937-6af1-45ea-9fa7-5fea4e436d20.mp4","cat","Ajuntament de Barcelona","","","","","CC-BY","info:eu-repo/semantics/openAccess","","http://creativecommons.org/licenses/by/4.0/deed.ca","Colau Ballano, Ada | Reis mags | Desfilades | Proactiva Open Arms | Refugiats | Colau Ballano, Ada | Magi | Parades | Proactiva Open Arms | Refugees | Colau Ballano, Ada | Reyes Magos | Cabalgatas | Proactiva Open Arms | Refugiados","Cultura i oci | Societat i benestar","videos | discursos","","Cavalcada de Reis","","movingImage","info:eu-repo/semantics/other",""
"Alcaldia","Barcelona | Barcelona | Barcelona","2016","","2016-03-08","2016-03-08","","","","","application/pdf","2 p.","application/pdf","","","","Mandat 2015-2019","http://hdl.handle.net/11703/111175","","cat","Ajuntament de Barcelona","","","","","CC-BY","info:eu-repo/semantics/openAccess","Ajuntament de Barcelona","http://creativecommons.org/licenses/by/4.0/deed.ca","Premi 8 de març - Maria Aurèlia Capmany | Dones | Feminisme | Premi 8 de març - Maria Aurèlia Capmany | Women | Feminism | Premi 8 de març - Maria Aurèlia Capmany | Mujeres | Feminismo","Cultura i oci","discursos","","Lliurament del Premi Maria Aurèlia Capmany","","text","info:eu-repo/semantics/other",""
"Gerència de Recursos | Direcció de Serveis de Comunicació Digital | Goroka (Firma)","Barcelona | Barcelona | Barcelona","","","2019-01-19","2019-01-19","","Subtítols en català","Compareixença pública de l'Alcaldessa Ada Colau per informar de la inauguració del primer Centre de Recursos LGTBI de Europa. Discurs reivindicatiu sobre la importància de la diversitat sexual i de com Barcelona ha de ser un referent mundial de lluita contra l'homofòbia i de defensa dels drets i les llibertats . Fa referència als àtacs homòfobs que han passat a la ciutat i de com l'Ajuntament es personarà en aquesta causa per evitar que hi hagi impunitat.","","video/mp4","1 min. 43 s.","video/mp4","","","","Mandat 2015-2019","http://hdl.handle.net/11703/115849","https://bcnroc.ajuntament.barcelona.cat/videos/11703_115849_f4c9e46c-a8d0-4369-bcb1-56ca12d3528a.mp4","cat","Ajuntament de Barcelona","","","","","CC-BY","info:eu-repo/semantics/openAccess","","http://creativecommons.org/licenses/by/4.0/deed.ca","Colau Ballano, Ada | LGTBI | Homofòbia | Drets dels homosexuals | Colau Ballano, Ada | LGTBI | Homophobia | Gay rights | Colau Ballano, Ada | LGTBI | Homofobia | Derechos de los homosexuales","Sector públic","videos | discursos","","Centre de Recursos LGTBI","","movingImage","info:eu-repo/semantics/other",""
"Alcaldia","Barcelona | Barcelona | Barcelona","2015","","2015-11-13","2015-11-13","","","","","application/pdf","3 p.","application/pdf","","","","Mandat 2015-2019","http://hdl.handle.net/11703/111172","","cat","Ajuntament de Barcelona","","","","","CC-BY","info:eu-repo/semantics/openAccess","Ajuntament de Barcelona","http://creativecommons.org/licenses/by/4.0/deed.ca","Premis Nobel | Pau | Refugiats | Nobel Prizes | Peace | Refugees | Premios Nobel | Paz | Refugiados","Sector públic | Societat i benestar","discursos","Pla Barcelona Ciutat Refugi 2015-","Inauguració XV Cimera Premis Nobel","Cimera Mundial de Premis Nobel de la Pau (15a : 2015 : Barcelona)","text","info:eu-repo/semantics/other",""
"Alcaldia","Barcelona | Barcelona | Barcelona","2016","","2016-12-15","2016-12-15","","","","","application/pdf","2 p.","application/pdf","","","","Mandat 2015-2019","http://hdl.handle.net/11703/111173","","cat","Ajuntament de Barcelona","","","","","CC-BY","info:eu-repo/semantics/openAccess","Ajuntament de Barcelona","http://creativecommons.org/licenses/by/4.0/deed.ca","Drets dels infants | Capdevila, Carles | Tonucci, Francesco | Política pública | Children's rights | Capdevila, Carles | Tonucci, Francesco | Government policy | Derechos de los niños | Capdevila, Carles | Tonucci, Francesco | Política gubernamental","Sector públic | Societat i benestar","discursos","","Cloenda de la Jornada “El dret dels infants a la ciutat”","","text","info:eu-repo/semantics/other",""
"Alcaldia","Barcelona | Barcelona | Barcelona","2016","","2016-02-15","2016-02-15","","","","","application/pdf","2 p.","application/pdf","","","","Mandat 2015-2019","http://hdl.handle.net/11703/111178","","cat","Ajuntament de Barcelona","","","","","CC-BY","info:eu-repo/semantics/openAccess","Ajuntament de Barcelona","http://creativecommons.org/licenses/by/4.0/deed.ca","Premis Ciutat de Barcelona | Cultura | Ciència | Premis Ciutat de Barcelona | Culture | Science | Premis Ciutat de Barcelona | Cultura | Ciencia","Cultura i oci","discursos","","Premis Ciutat de Barcelona 2016","","text","info:eu-repo/semantics/other",""
"Alcaldia","Barcelona | Barcelona | Barcelona","2017","","2017-07-25","2017-07-25","","","","","application/pdf","3 p.","application/pdf","","","","Mandat 2015-2019","http://hdl.handle.net/11703/111164","","cat","Ajuntament de Barcelona","","","","","CC-BY","info:eu-repo/semantics/openAccess","Ajuntament de Barcelona","http://creativecommons.org/licenses/by/4.0/deed.ca","Jocs Olímpics | Jocs Paralímpics | Aniversaris | Maragall Mira, Pasqual | Olympics | Paralympic Games | Anniversaries | Maragall Mira, Pasqual | Juegos Olímpicos | Juegos paralímpicos | Aniversarios | Maragall Mira, Pasqual","Esports","discursos","","Acte institucional de celebració dels 25 anys dels JJOO i els JJPP de Barcelona’92","","text","info:eu-repo/semantics/other",""
"Alcaldia","Barcelona | Barcelona | Barcelona","2016","","2016-01-27","2016-01-27","","","","","application/pdf","2 p.","application/pdf","","","","Mandat 2015-2019","http://hdl.handle.net/11703/111171","","cat","Ajuntament de Barcelona","","","","","CC-BY","info:eu-repo/semantics/openAccess","Ajuntament de Barcelona","http://creativecommons.org/licenses/by/4.0/deed.ca","Holocaust Jueu (1939-1945) | Víctimes | Homenatges | Holocaust, Jewish (1939-1945) | Victims | Homage | Holocausto judío (1939-1945) | Víctimas | Homenajes","Societat i benestar","discursos","","Homenatge a les víctimes de l'Holocaust","","text","info:eu-repo/semantics/other",""
"Alcaldia","Barcelona | Barcelona | Barcelona","2016","","2016-07-04","2016-07-04","","","","","application/pdf","2 p.","application/pdf","","","","Mandat 2015-2019","http://hdl.handle.net/11703/111177","","cat","Ajuntament de Barcelona","","","","","CC-BY","info:eu-repo/semantics/openAccess","Ajuntament de Barcelona","http://creativecommons.org/licenses/by/4.0/deed.ca","Premi Europeu a l'Espai Públic Urbà | Espais públics | Urbanisme | Premi Europeu a l'Espai Públic Urbà | Public spaces | City planning | Premi Europeu a l'Espai Públic Urbà | Espacios públicos | Urbanismo","Urbanisme i infraestructures","discursos","","Premi Europeu de l'Espai Públic Urbà","","text","info:eu-repo/semantics/other",""
"Alcaldia","Barcelona | Barcelona | Barcelona","2015","","2015-10-19","2015-10-19","","","","","application/pdf","2 p.","application/pdf","","","","Mandat 2015-2019","http://hdl.handle.net/11703/111180","","cat","Ajuntament de Barcelona","","","","","CC-BY","info:eu-repo/semantics/openAccess","Ajuntament de Barcelona","http://creativecommons.org/licenses/by/4.0/deed.ca","Dones pobres | Treball precari | Igualtat entre els sexes | Poor women | Precarious employment | Gender equality | Mujeres pobres | Trabajo precario | Igualdad de género","Societat i benestar","discursos","Estratègia contra la Feminització de la Pobresa i la Precarietat a Barcelona 2016-2024 (Barcelona)","Taula contra la Feminització de la Pobresa","","text","info:eu-repo/semantics/other",""
"Alcaldia","Barcelona | Barcelona | Barcelona","2015","","2015-10-30","2015-10-30","","","","","application/pdf","4 p.","application/pdf","","","","Mandat 2015-2019","http://hdl.handle.net/11703/111170","","cat","Ajuntament de Barcelona","","","","","CC-BY","info:eu-repo/semantics/openAccess","Ajuntament de Barcelona","http://creativecommons.org/licenses/by/4.0/deed.ca","Ferrer Guàrdia, Francesc | Aniversaris | Educació en valors | Ferrer Guàrdia, Francesc | Anniversaries | Values education | Ferrer Guàrdia, Francesc | Aniversarios | Educación en valores","Educació","discursos","","Ferrer i Guàrdia","Commemoració i Memòria del 106è aniversari de l'afusellament de Francesc Ferrer i Guàrdia","text","info:eu-repo/semantics/other",""
"Alcaldia","Barcelona | Barcelona | Barcelona","2015","","2015-11-11","2015-11-11","","","","","application/pdf","3 p.","application/pdf","","","","Mandat 2015-2019","http://hdl.handle.net/11703/111166","","cat","Ajuntament de Barcelona","","","","","CC-BY","info:eu-repo/semantics/openAccess","Ajuntament de Barcelona","http://creativecommons.org/licenses/by/4.0/deed.ca","Premi Internacional Alfons Comín | Integració social | Igualtat | Premi Internacional Alfons Comín | Social integration | Equality | Premi Internacional Alfons Comín | Integración social | Igualdad","Societat i benestar","discursos","","32è Premi Internacional Alfonso Comín","","text","info:eu-repo/semantics/other",""
"Gerència de Recursos | Direcció de Serveis de Comunicació Digital | Goroka (Firma)","Barcelona | Barcelona | Barcelona","","","2019-06-15","2019-06-15","","","Discurs de l'Alcaldessa Ada Colau en la sessió del Ple d'investidura celebrat el 15 de juny de 2019 al Saló de Cent. Inici amb l'agraïment als votants pel suport a les urnes i pel recolzament dels grups municipals Partit dels Socialistes de Catalunya i Barcelona pel canvi. En segon lloc, voluntat per reestablir ponts davant la divisió en blocs existent en l'àmbit polític defensant una postura neutral i demanant respecte i llibertat per defensar les idees. Compromís de gestionar amb transparència, més inversió social, lluita contra l'especulació i contra el canvi climàtic, i treball cooperatiu amb d'altres ciutats. Missatge reivindicatiu defensant la igualtat entre homes i dones, contra l'antimasclisme, contra el racisme i la lluita per la democràcia i la diversitat. Per últim, agraïment a la família pel recolzament rebut, visiblement emocionada.","","video/mp4","25 min. 37 s.","video/mp4","","","","Mandat 2019-","http://hdl.handle.net/11703/115846","https://bcnroc.ajuntament.barcelona.cat/videos/11703_115846_983afdbd-3e50-4b88-a926-99271dd82a3c.mp4","cat","Ajuntament de Barcelona","","","","","CC-BY","info:eu-repo/semantics/openAccess","","http://creativecommons.org/licenses/by/4.0/deed.ca","Colau Ballano, Ada | Acte de govern | Discursos d'investidura | Colau Ballano, Ada | Act of state | Inaugural addresses | Colau Ballano, Ada | Acto de gobierno | Discursos de investidura","Sector públic","videos | discursos","","Discurs d'investidura d'Ada Colau (2019)","","movingImage","info:eu-repo/semantics/other",""
"Alcaldia","Barcelona | Barcelona | Barcelona","1976 | 1977 | 1978 | 1979 | 1980 | 1981 | 1982 | 1983 | 1984 | 1985 | 1986 | 1987 | 1988 | 1990 | 1991 | 1992 | 1993 | 1994 | 1995 | 1996 | 1997 | 1998 | 1999 | 2000 | 2001 | 2002 | 2003 | 2004 | 2005 | 2006 | 2007 | 2008 | 2009 | 2010 | 2011 | 2012 | 2013 | 2014 | 2015 | 2016","","2016-11-28","2016-11-28","","","","","application/pdf","3 p.","application/pdf","","","","Mandat 2015-2019","http://hdl.handle.net/11703/111169","","cat","Ajuntament de Barcelona","","","","","CC-BY","info:eu-repo/semantics/openAccess","Ajuntament de Barcelona","http://creativecommons.org/licenses/by/4.0/deed.ca","Dones | Memòria col·lectiva | Igualtat entre els sexes | Women | Collective memory | Gender equality | Mujeres | Memoria colectiva | Igualdad de género","Societat i benestar","discursos","","Presentació projecte “en moviment(s). Dones de Barcelona. 40 anys i més... (1976-2016)”","","text","info:eu-repo/semantics/other",""
"Alcaldia","Barcelona | Barcelona | Barcelona","2015","","2015-10-19","2015-10-19","","","","","application/pdf","2 p.","application/pdf","","","","Mandat 2015-2019","http://hdl.handle.net/11703/111167","","cat","Ajuntament de Barcelona","","","","","CC-BY","info:eu-repo/semantics/openAccess","Ajuntament de Barcelona","http://creativecommons.org/licenses/by/4.0/deed.ca","Ruiz Villalba, Antonio | Franquisme | Moviment obrer | SEAT | Aniversaris | Ruiz Villalba, Antonio | Francoism | Labor movement | SEAT | Anniversaries | Ruiz Villalba, Antonio | Franquismo | Movimiento obrero | SEAT | Aniversarios","Societat i benestar","discursos","","Antonio Ruiz Villalba, treballador de la SEAT assassinat pel franquisme","","text","info:eu-repo/semantics/other",""
"Alcaldia","Barcelona | Barcelona | Barcelona","2018","","2018-07-16","2018-07-16","","","","","application/pdf","4 p.","application/pdf","","","","Mandat 2015-2019","http://hdl.handle.net/11703/111179","","cat","Ajuntament de Barcelona","","","","","CC-BY","info:eu-repo/semantics/openAccess","Ajuntament de Barcelona","http://creativecommons.org/licenses/by/4.0/deed.ca","Desenvolupament sostenible | Ciutats | Dret a l'habitatge | Sustainable development | Cities and towns | Right to housing | Desarrollo sostenible | Ciudades | Derecho a la vivienda","Sector públic | Habitatge","discursos","","Presentació de la declaració Cities for Adequate Housing","","text","info:eu-repo/semantics/other",""
