"DENOMINACIO CAMPANYA","CONCEPTE","MITJÀ","IMPORT"
"25N BARCELONA ANTIMASCLISTA 2020","MITJANS","PREMSA DIÀRIA",13714.02
"25N BARCELONA ANTIMASCLISTA 2020","MITJANS","REVISTES",0.0
"25N BARCELONA ANTIMASCLISTA 2020","MITJANS","INTERNET",93110.89
"25N BARCELONA ANTIMASCLISTA 2020","MITJANS","EMISSORES DE RÀDIO",0.0
"25N BARCELONA ANTIMASCLISTA 2020","MITJANS","EXTERIOR",0.0
"25N BARCELONA ANTIMASCLISTA 2020","MITJANS","TELEVISIÓ",0.0
"25N BARCELONA ANTIMASCLISTA 2020","MITJANS","PROXIMITAT REVISTES",0.0
"8M ECOFEMINISMES","MITJANS","PREMSA DIÀRIA",0.0
"8M ECOFEMINISMES","MITJANS","REVISTES",3276.03
"8M ECOFEMINISMES","MITJANS","INTERNET",11468.08
"8M ECOFEMINISMES","MITJANS","EMISSORES DE RÀDIO",0.0
"8M ECOFEMINISMES","MITJANS","EXTERIOR",0.0
"8M ECOFEMINISMES","MITJANS","TELEVISIÓ",0.0
"8M ECOFEMINISMES","MITJANS","PROXIMITAT REVISTES",0.0
"ACCIONS PROXIMITAT CIUTAT VELLA 2020","MITJANS","PREMSA DIÀRIA",0.0
"ACCIONS PROXIMITAT CIUTAT VELLA 2020","MITJANS","REVISTES",0.0
"ACCIONS PROXIMITAT CIUTAT VELLA 2020","MITJANS","INTERNET",0.0
"ACCIONS PROXIMITAT CIUTAT VELLA 2020","MITJANS","EMISSORES DE RÀDIO",0.0
"ACCIONS PROXIMITAT CIUTAT VELLA 2020","MITJANS","EXTERIOR",0.0
"ACCIONS PROXIMITAT CIUTAT VELLA 2020","MITJANS","TELEVISIÓ",0.0
"ACCIONS PROXIMITAT CIUTAT VELLA 2020","MITJANS","PROXIMITAT REVISTES",8609.65
"ACCIONS PROXIMITAT EIXAMPLE 2020","MITJANS","PREMSA DIÀRIA",4245.59
"ACCIONS PROXIMITAT EIXAMPLE 2020","MITJANS","REVISTES",0.0
"ACCIONS PROXIMITAT EIXAMPLE 2020","MITJANS","INTERNET",1793.85
"ACCIONS PROXIMITAT EIXAMPLE 2020","MITJANS","EMISSORES DE RÀDIO",0.0
"ACCIONS PROXIMITAT EIXAMPLE 2020","MITJANS","EXTERIOR",0.0
"ACCIONS PROXIMITAT EIXAMPLE 2020","MITJANS","TELEVISIÓ",0.0
"ACCIONS PROXIMITAT EIXAMPLE 2020","MITJANS","PROXIMITAT REVISTES",7390.23
"ACCIONS PROXIMITAT GRÀCIA 2020","MITJANS","PREMSA DIÀRIA",0.0
"ACCIONS PROXIMITAT GRÀCIA 2020","MITJANS","REVISTES",0.0
"ACCIONS PROXIMITAT GRÀCIA 2020","MITJANS","INTERNET",0.0
"ACCIONS PROXIMITAT GRÀCIA 2020","MITJANS","EMISSORES DE RÀDIO",0.0
"ACCIONS PROXIMITAT GRÀCIA 2020","MITJANS","EXTERIOR",0.0
"ACCIONS PROXIMITAT GRÀCIA 2020","MITJANS","TELEVISIÓ",0.0
"ACCIONS PROXIMITAT GRÀCIA 2020","MITJANS","PROXIMITAT REVISTES",17578.88
"ACCIONS PROXIMITAT HORTA-GUINARDÓ 2020","MITJANS","PREMSA DIÀRIA",0.0
"ACCIONS PROXIMITAT HORTA-GUINARDÓ 2020","MITJANS","REVISTES",0.0
"ACCIONS PROXIMITAT HORTA-GUINARDÓ 2020","MITJANS","INTERNET",0.0
"ACCIONS PROXIMITAT HORTA-GUINARDÓ 2020","MITJANS","EMISSORES DE RÀDIO",0.0
"ACCIONS PROXIMITAT HORTA-GUINARDÓ 2020","MITJANS","EXTERIOR",0.0
"ACCIONS PROXIMITAT HORTA-GUINARDÓ 2020","MITJANS","TELEVISIÓ",0.0
"ACCIONS PROXIMITAT HORTA-GUINARDÓ 2020","MITJANS","PROXIMITAT REVISTES",427.43
"ACCIONS PROXIMITAT LES CORTS 2020","MITJANS","PREMSA DIÀRIA",0.0
"ACCIONS PROXIMITAT LES CORTS 2020","MITJANS","REVISTES",0.0
"ACCIONS PROXIMITAT LES CORTS 2020","MITJANS","INTERNET",0.0
"ACCIONS PROXIMITAT LES CORTS 2020","MITJANS","EMISSORES DE RÀDIO",0.0
"ACCIONS PROXIMITAT LES CORTS 2020","MITJANS","EXTERIOR",0.0
"ACCIONS PROXIMITAT LES CORTS 2020","MITJANS","TELEVISIÓ",0.0
"ACCIONS PROXIMITAT LES CORTS 2020","MITJANS","PROXIMITAT REVISTES",14328.84
"ACCIONS PROXIMITAT NOU BARRIS 2020","MITJANS","PREMSA DIÀRIA",0.0
"ACCIONS PROXIMITAT NOU BARRIS 2020","MITJANS","REVISTES",1500.0
"ACCIONS PROXIMITAT NOU BARRIS 2020","MITJANS","INTERNET",0.0
"ACCIONS PROXIMITAT NOU BARRIS 2020","MITJANS","EMISSORES DE RÀDIO",0.0
"ACCIONS PROXIMITAT NOU BARRIS 2020","MITJANS","EXTERIOR",0.0
"ACCIONS PROXIMITAT NOU BARRIS 2020","MITJANS","TELEVISIÓ",0.0
"ACCIONS PROXIMITAT NOU BARRIS 2020","MITJANS","PROXIMITAT REVISTES",12640.89
"ACCIONS PROXIMITAT SANT ANDREU 2020","MITJANS","PREMSA DIÀRIA",0.0
"ACCIONS PROXIMITAT SANT ANDREU 2020","MITJANS","REVISTES",0.0
"ACCIONS PROXIMITAT SANT ANDREU 2020","MITJANS","INTERNET",2977.57
"ACCIONS PROXIMITAT SANT ANDREU 2020","MITJANS","EMISSORES DE RÀDIO",0.0
"ACCIONS PROXIMITAT SANT ANDREU 2020","MITJANS","EXTERIOR",0.0
"ACCIONS PROXIMITAT SANT ANDREU 2020","MITJANS","TELEVISIÓ",0.0
"ACCIONS PROXIMITAT SANT ANDREU 2020","MITJANS","PROXIMITAT REVISTES",5877.51
"ACCIONS PROXIMITAT SANT MARTÍ 2020","MITJANS","PREMSA DIÀRIA",0.0
"ACCIONS PROXIMITAT SANT MARTÍ 2020","MITJANS","REVISTES",0.0
"ACCIONS PROXIMITAT SANT MARTÍ 2020","MITJANS","INTERNET",0.0
"ACCIONS PROXIMITAT SANT MARTÍ 2020","MITJANS","EMISSORES DE RÀDIO",0.0
"ACCIONS PROXIMITAT SANT MARTÍ 2020","MITJANS","EXTERIOR",0.0
"ACCIONS PROXIMITAT SANT MARTÍ 2020","MITJANS","TELEVISIÓ",0.0
"ACCIONS PROXIMITAT SANT MARTÍ 2020","MITJANS","PROXIMITAT REVISTES",3338.95
"ACCIONS PROXIMITAT SANTS-MONTJUÏC 2020","MITJANS","PREMSA DIÀRIA",0.0
"ACCIONS PROXIMITAT SANTS-MONTJUÏC 2020","MITJANS","REVISTES",0.0
"ACCIONS PROXIMITAT SANTS-MONTJUÏC 2020","MITJANS","INTERNET",423.5
"ACCIONS PROXIMITAT SANTS-MONTJUÏC 2020","MITJANS","EMISSORES DE RÀDIO",6972.75
"ACCIONS PROXIMITAT SANTS-MONTJUÏC 2020","MITJANS","EXTERIOR",0.0
"ACCIONS PROXIMITAT SANTS-MONTJUÏC 2020","MITJANS","TELEVISIÓ",0.0
"ACCIONS PROXIMITAT SANTS-MONTJUÏC 2020","MITJANS","PROXIMITAT REVISTES",18654.78
"ACCIONS PROXIMITAT SARRIA-SANT GERVASI 2020","MITJANS","PREMSA DIÀRIA",0.0
"ACCIONS PROXIMITAT SARRIA-SANT GERVASI 2020","MITJANS","REVISTES",0.0
"ACCIONS PROXIMITAT SARRIA-SANT GERVASI 2020","MITJANS","INTERNET",0.0
"ACCIONS PROXIMITAT SARRIA-SANT GERVASI 2020","MITJANS","EMISSORES DE RÀDIO",0.0
"ACCIONS PROXIMITAT SARRIA-SANT GERVASI 2020","MITJANS","EXTERIOR",0.0
"ACCIONS PROXIMITAT SARRIA-SANT GERVASI 2020","MITJANS","TELEVISIÓ",0.0
"ACCIONS PROXIMITAT SARRIA-SANT GERVASI 2020","MITJANS","PROXIMITAT REVISTES",9854.77
"AGENDA 2030","MITJANS","PREMSA DIÀRIA",35309.36
"AGENDA 2030","MITJANS","REVISTES",0.0
"AGENDA 2030","MITJANS","INTERNET",70670.31
"AGENDA 2030","MITJANS","EMISSORES DE RÀDIO",0.0
"AGENDA 2030","MITJANS","EXTERIOR",12767.68
"AGENDA 2030","MITJANS","TELEVISIÓ",0.0
"AGENDA 2030","MITJANS","PROXIMITAT REVISTES",8303.7
"AGENDES CULTURALS 2020","MITJANS","PREMSA DIÀRIA",27872.09
"AGENDES CULTURALS 2020","MITJANS","REVISTES",120813.98
"AGENDES CULTURALS 2020","MITJANS","INTERNET",0.0
"AGENDES CULTURALS 2020","MITJANS","EMISSORES DE RÀDIO",0.0
"AGENDES CULTURALS 2020","MITJANS","EXTERIOR",0.0
"AGENDES CULTURALS 2020","MITJANS","TELEVISIÓ",0.0
"AGENDES CULTURALS 2020","MITJANS","PROXIMITAT REVISTES",0.0
"AJUTS LA CIUTAT PROACTIVA 2020","MITJANS","PREMSA DIÀRIA",0.0
"AJUTS LA CIUTAT PROACTIVA 2020","MITJANS","REVISTES",0.0
"AJUTS LA CIUTAT PROACTIVA 2020","MITJANS","INTERNET",22295.09
"AJUTS LA CIUTAT PROACTIVA 2020","MITJANS","EMISSORES DE RÀDIO",0.0
"AJUTS LA CIUTAT PROACTIVA 2020","MITJANS","EXTERIOR",0.0
"AJUTS LA CIUTAT PROACTIVA 2020","MITJANS","TELEVISIÓ",0.0
"AJUTS LA CIUTAT PROACTIVA 2020","MITJANS","PROXIMITAT REVISTES",0.0
"ALWAYS BARCELONA 2020","MITJANS","PREMSA DIÀRIA",57622.53
"ALWAYS BARCELONA 2020","MITJANS","REVISTES",10225.59
"ALWAYS BARCELONA 2020","MITJANS","INTERNET",11495.0
"ALWAYS BARCELONA 2020","MITJANS","EMISSORES DE RÀDIO",0.0
"ALWAYS BARCELONA 2020","MITJANS","EXTERIOR",0.0
"ALWAYS BARCELONA 2020","MITJANS","TELEVISIÓ",0.0
"ALWAYS BARCELONA 2020","MITJANS","PROXIMITAT REVISTES",0.0
"ANUNCIS ADMINISTRATIUS INFORMACIÓ CIUTADANIA 2020","MITJANS","PREMSA DIÀRIA",67572.53
"ANUNCIS ADMINISTRATIUS INFORMACIÓ CIUTADANIA 2020","MITJANS","REVISTES",0.0
"ANUNCIS ADMINISTRATIUS INFORMACIÓ CIUTADANIA 2020","MITJANS","INTERNET",0.0
"ANUNCIS ADMINISTRATIUS INFORMACIÓ CIUTADANIA 2020","MITJANS","EMISSORES DE RÀDIO",0.0
"ANUNCIS ADMINISTRATIUS INFORMACIÓ CIUTADANIA 2020","MITJANS","EXTERIOR",0.0
"ANUNCIS ADMINISTRATIUS INFORMACIÓ CIUTADANIA 2020","MITJANS","TELEVISIÓ",0.0
"ANUNCIS ADMINISTRATIUS INFORMACIÓ CIUTADANIA 2020","MITJANS","PROXIMITAT REVISTES",0.0
"BARCELONA ACTIVA 2020","MITJANS","PREMSA DIÀRIA",0.0
"BARCELONA ACTIVA 2020","MITJANS","REVISTES",0.0
"BARCELONA ACTIVA 2020","MITJANS","INTERNET",67796.16
"BARCELONA ACTIVA 2020","MITJANS","EMISSORES DE RÀDIO",0.0
"BARCELONA ACTIVA 2020","MITJANS","EXTERIOR",0.0
"BARCELONA ACTIVA 2020","MITJANS","TELEVISIÓ",0.0
"BARCELONA ACTIVA 2020","MITJANS","PROXIMITAT REVISTES",0.0
"BARCELONA CAPITAL ALIMENTACIÓ SOSTENIBLE 2020","MITJANS","PREMSA DIÀRIA",0.0
"BARCELONA CAPITAL ALIMENTACIÓ SOSTENIBLE 2020","MITJANS","REVISTES",10890.0
"BARCELONA CAPITAL ALIMENTACIÓ SOSTENIBLE 2020","MITJANS","INTERNET",8566.78
"BARCELONA CAPITAL ALIMENTACIÓ SOSTENIBLE 2020","MITJANS","EMISSORES DE RÀDIO",0.0
"BARCELONA CAPITAL ALIMENTACIÓ SOSTENIBLE 2020","MITJANS","EXTERIOR",0.0
"BARCELONA CAPITAL ALIMENTACIÓ SOSTENIBLE 2020","MITJANS","TELEVISIÓ",0.0
"BARCELONA CAPITAL ALIMENTACIÓ SOSTENIBLE 2020","MITJANS","PROXIMITAT REVISTES",0.0
"BARCELONA DES DE CASA - INFORMACIONS CONFINAMENT COVID 19","MITJANS","PREMSA DIÀRIA",604865.81
"BARCELONA DES DE CASA - INFORMACIONS CONFINAMENT COVID 19","MITJANS","REVISTES",10182.15
"BARCELONA DES DE CASA - INFORMACIONS CONFINAMENT COVID 19","MITJANS","INTERNET",367080.91
"BARCELONA DES DE CASA - INFORMACIONS CONFINAMENT COVID 19","MITJANS","EMISSORES DE RÀDIO",345470.31
"BARCELONA DES DE CASA - INFORMACIONS CONFINAMENT COVID 19","MITJANS","EXTERIOR",0.0
"BARCELONA DES DE CASA - INFORMACIONS CONFINAMENT COVID 19","MITJANS","TELEVISIÓ",0.0
"BARCELONA DES DE CASA - INFORMACIONS CONFINAMENT COVID 19","MITJANS","PROXIMITAT REVISTES",10136.81
"BARCELONA DISTRICTE CULTURAL 2020","MITJANS","PREMSA DIÀRIA",0.0
"BARCELONA DISTRICTE CULTURAL 2020","MITJANS","REVISTES",1219.68
"BARCELONA DISTRICTE CULTURAL 2020","MITJANS","INTERNET",38342.84
"BARCELONA DISTRICTE CULTURAL 2020","MITJANS","EMISSORES DE RÀDIO",5103.76
"BARCELONA DISTRICTE CULTURAL 2020","MITJANS","EXTERIOR",6171.0
"BARCELONA DISTRICTE CULTURAL 2020","MITJANS","TELEVISIÓ",0.0
"BARCELONA DISTRICTE CULTURAL 2020","MITJANS","PROXIMITAT REVISTES",8439.87
"BARCELONA EXPAT WEEK 2020","MITJANS","PREMSA DIÀRIA",39996.55
"BARCELONA EXPAT WEEK 2020","MITJANS","REVISTES",0.0
"BARCELONA EXPAT WEEK 2020","MITJANS","INTERNET",52483.62
"BARCELONA EXPAT WEEK 2020","MITJANS","EMISSORES DE RÀDIO",0.0
"BARCELONA EXPAT WEEK 2020","MITJANS","EXTERIOR",0.0
"BARCELONA EXPAT WEEK 2020","MITJANS","TELEVISIÓ",0.0
"BARCELONA EXPAT WEEK 2020","MITJANS","PROXIMITAT REVISTES",0.0
"REACTIVACIÓ ECONÒMICA 2020","MITJANS","PREMSA DIÀRIA",204996.66
"REACTIVACIÓ ECONÒMICA 2020","MITJANS","REVISTES",25371.59
"REACTIVACIÓ ECONÒMICA 2020","MITJANS","INTERNET",518123.66
"REACTIVACIÓ ECONÒMICA 2020","MITJANS","EMISSORES DE RÀDIO",239674.24
"REACTIVACIÓ ECONÒMICA 2020","MITJANS","EXTERIOR",44813.57
"REACTIVACIÓ ECONÒMICA 2020","MITJANS","TELEVISIÓ",349178.62
"REACTIVACIÓ ECONÒMICA 2020","MITJANS","PROXIMITAT REVISTES",5572.97
"BICING 2020","MITJANS","PREMSA DIÀRIA",0.0
"BICING 2020","MITJANS","REVISTES",0.0
"BICING 2020","MITJANS","INTERNET",0.0
"BICING 2020","MITJANS","EMISSORES DE RÀDIO",0.0
"BICING 2020","MITJANS","EXTERIOR",15777.19
"BICING 2020","MITJANS","TELEVISIÓ",0.0
"BICING 2020","MITJANS","PROXIMITAT REVISTES",0.0
"BIENNAL DEL PENSAMENT 2020","MITJANS","PREMSA DIÀRIA",42699.25
"BIENNAL DEL PENSAMENT 2020","MITJANS","REVISTES",26744.24
"BIENNAL DEL PENSAMENT 2020","MITJANS","INTERNET",51836.77
"BIENNAL DEL PENSAMENT 2020","MITJANS","EMISSORES DE RÀDIO",25616.93
"BIENNAL DEL PENSAMENT 2020","MITJANS","EXTERIOR",3192.14
"BIENNAL DEL PENSAMENT 2020","MITJANS","TELEVISIÓ",12820.57
"BIENNAL DEL PENSAMENT 2020","MITJANS","PROXIMITAT REVISTES",1887.6
"BONUS CULTURA 2020","MITJANS","PREMSA DIÀRIA",6530.46
"BONUS CULTURA 2020","MITJANS","REVISTES",38446.58
"BONUS CULTURA 2020","MITJANS","INTERNET",25625.25
"BONUS CULTURA 2020","MITJANS","EMISSORES DE RÀDIO",0.0
"BONUS CULTURA 2020","MITJANS","EXTERIOR",0.0
"BONUS CULTURA 2020","MITJANS","TELEVISIÓ",0.0
"BONUS CULTURA 2020","MITJANS","PROXIMITAT REVISTES",0.0
"CARNAVAL 2020","MITJANS","PREMSA DIÀRIA",0.0
"CARNAVAL 2020","MITJANS","REVISTES",1058.75
"CARNAVAL 2020","MITJANS","INTERNET",0.0
"CARNAVAL 2020","MITJANS","EMISSORES DE RÀDIO",0.0
"CARNAVAL 2020","MITJANS","EXTERIOR",0.0
"CARNAVAL 2020","MITJANS","TELEVISIÓ",0.0
"CARNAVAL 2020","MITJANS","PROXIMITAT REVISTES",0.0
"CONVIVÈNCIA 2020","MITJANS","PREMSA DIÀRIA",39484.97
"CONVIVÈNCIA 2020","MITJANS","REVISTES",6471.48
"CONVIVÈNCIA 2020","MITJANS","INTERNET",88059.07
"CONVIVÈNCIA 2020","MITJANS","EMISSORES DE RÀDIO",34951.25
"CONVIVÈNCIA 2020","MITJANS","EXTERIOR",25123.0
"CONVIVÈNCIA 2020","MITJANS","TELEVISIÓ",0.0
"CONVIVÈNCIA 2020","MITJANS","PROXIMITAT REVISTES",0.0
"DEBATS BARCELONA METRÒPOLIS 2020","MITJANS","PREMSA DIÀRIA",15307.99
"DEBATS BARCELONA METRÒPOLIS 2020","MITJANS","REVISTES",0.0
"DEBATS BARCELONA METRÒPOLIS 2020","MITJANS","INTERNET",10869.73
"DEBATS BARCELONA METRÒPOLIS 2020","MITJANS","EMISSORES DE RÀDIO",0.0
"DEBATS BARCELONA METRÒPOLIS 2020","MITJANS","EXTERIOR",0.0
"DEBATS BARCELONA METRÒPOLIS 2020","MITJANS","TELEVISIÓ",0.0
"DEBATS BARCELONA METRÒPOLIS 2020","MITJANS","PROXIMITAT REVISTES",0.0
"DESCONFINAMENT - MESURES SEGURETAT","MITJANS","PREMSA DIÀRIA",43495.22
"DESCONFINAMENT - MESURES SEGURETAT","MITJANS","REVISTES",302.5
"DESCONFINAMENT - MESURES SEGURETAT","MITJANS","INTERNET",169929.79
"DESCONFINAMENT - MESURES SEGURETAT","MITJANS","EMISSORES DE RÀDIO",274304.2
"DESCONFINAMENT - MESURES SEGURETAT","MITJANS","EXTERIOR",0.0
"DESCONFINAMENT - MESURES SEGURETAT","MITJANS","TELEVISIÓ",0.0
"DESCONFINAMENT - MESURES SEGURETAT","MITJANS","PROXIMITAT REVISTES",0.0
"DIA INTERNACIONAL DELS ARXIUS 2020","MITJANS","PREMSA DIÀRIA",0.0
"DIA INTERNACIONAL DELS ARXIUS 2020","MITJANS","REVISTES",726.0
"DIA INTERNACIONAL DELS ARXIUS 2020","MITJANS","INTERNET",0.0
"DIA INTERNACIONAL DELS ARXIUS 2020","MITJANS","EMISSORES DE RÀDIO",0.0
"DIA INTERNACIONAL DELS ARXIUS 2020","MITJANS","EXTERIOR",0.0
"DIA INTERNACIONAL DELS ARXIUS 2020","MITJANS","TELEVISIÓ",0.0
"DIA INTERNACIONAL DELS ARXIUS 2020","MITJANS","PROXIMITAT REVISTES",0.0
"DRETS ENERGÈTICS 2020","MITJANS","PREMSA DIÀRIA",14510.96
"DRETS ENERGÈTICS 2020","MITJANS","REVISTES",2911.26
"DRETS ENERGÈTICS 2020","MITJANS","INTERNET",16883.72
"DRETS ENERGÈTICS 2020","MITJANS","EMISSORES DE RÀDIO",0.0
"DRETS ENERGÈTICS 2020","MITJANS","EXTERIOR",0.0
"DRETS ENERGÈTICS 2020","MITJANS","TELEVISIÓ",0.0
"DRETS ENERGÈTICS 2020","MITJANS","PROXIMITAT REVISTES",5148.73
"EMERGÈNCIA CLIMÀTICA 2020","MITJANS","PREMSA DIÀRIA",113215.97
"EMERGÈNCIA CLIMÀTICA 2020","MITJANS","REVISTES",0.0
"EMERGÈNCIA CLIMÀTICA 2020","MITJANS","INTERNET",42962.71
"EMERGÈNCIA CLIMÀTICA 2020","MITJANS","EMISSORES DE RÀDIO",35106.02
"EMERGÈNCIA CLIMÀTICA 2020","MITJANS","EXTERIOR",8168.43
"EMERGÈNCIA CLIMÀTICA 2020","MITJANS","TELEVISIÓ",0.0
"EMERGÈNCIA CLIMÀTICA 2020","MITJANS","PROXIMITAT REVISTES",0.0
"ESQUELES 2020","MITJANS","PREMSA DIÀRIA",12667.56
"ESQUELES 2020","MITJANS","REVISTES",0.0
"ESQUELES 2020","MITJANS","INTERNET",0.0
"ESQUELES 2020","MITJANS","EMISSORES DE RÀDIO",0.0
"ESQUELES 2020","MITJANS","EXTERIOR",0.0
"ESQUELES 2020","MITJANS","TELEVISIÓ",0.0
"ESQUELES 2020","MITJANS","PROXIMITAT REVISTES",0.0
"ESTIMAT DIARI 2020","MITJANS","PREMSA DIÀRIA",0.0
"ESTIMAT DIARI 2020","MITJANS","REVISTES",0.0
"ESTIMAT DIARI 2020","MITJANS","INTERNET",23009.13
"ESTIMAT DIARI 2020","MITJANS","EMISSORES DE RÀDIO",0.0
"ESTIMAT DIARI 2020","MITJANS","EXTERIOR",0.0
"ESTIMAT DIARI 2020","MITJANS","TELEVISIÓ",0.0
"ESTIMAT DIARI 2020","MITJANS","PROXIMITAT REVISTES",0.0
"FABRA I COATS 2020","MITJANS","PREMSA DIÀRIA",0.0
"FABRA I COATS 2020","MITJANS","REVISTES",0.0
"FABRA I COATS 2020","MITJANS","INTERNET",0.0
"FABRA I COATS 2020","MITJANS","EMISSORES DE RÀDIO",0.0
"FABRA I COATS 2020","MITJANS","EXTERIOR",10312.42
"FABRA I COATS 2020","MITJANS","TELEVISIÓ",0.0
"FABRA I COATS 2020","MITJANS","PROXIMITAT REVISTES",0.0
"FESTA MAJOR DE GRÀCIA 2020","MITJANS","PREMSA DIÀRIA",0.0
"FESTA MAJOR DE GRÀCIA 2020","MITJANS","REVISTES",0.0
"FESTA MAJOR DE GRÀCIA 2020","MITJANS","INTERNET",8131.2
"FESTA MAJOR DE GRÀCIA 2020","MITJANS","EMISSORES DE RÀDIO",26988.28
"FESTA MAJOR DE GRÀCIA 2020","MITJANS","EXTERIOR",0.0
"FESTA MAJOR DE GRÀCIA 2020","MITJANS","TELEVISIÓ",0.0
"FESTA MAJOR DE GRÀCIA 2020","MITJANS","PROXIMITAT REVISTES",0.0
"FESTIVAL GREC 2020","MITJANS","PREMSA DIÀRIA",2826.1
"FESTIVAL GREC 2020","MITJANS","REVISTES",12148.8
"FESTIVAL GREC 2020","MITJANS","INTERNET",79374.19
"FESTIVAL GREC 2020","MITJANS","EMISSORES DE RÀDIO",7121.23
"FESTIVAL GREC 2020","MITJANS","EXTERIOR",0.0
"FESTIVAL GREC 2020","MITJANS","TELEVISIÓ",0.0
"FESTIVAL GREC 2020","MITJANS","PROXIMITAT REVISTES",0.0
"FORMACIÓ I OCUPACIÓ BARCELONA ACTIVA 2020","MITJANS","PREMSA DIÀRIA",23885.91
"FORMACIÓ I OCUPACIÓ BARCELONA ACTIVA 2020","MITJANS","REVISTES",0.0
"FORMACIÓ I OCUPACIÓ BARCELONA ACTIVA 2020","MITJANS","INTERNET",57122.06
"FORMACIÓ I OCUPACIÓ BARCELONA ACTIVA 2020","MITJANS","EMISSORES DE RÀDIO",17245.3
"FORMACIÓ I OCUPACIÓ BARCELONA ACTIVA 2020","MITJANS","EXTERIOR",0.0
"FORMACIÓ I OCUPACIÓ BARCELONA ACTIVA 2020","MITJANS","TELEVISIÓ",0.0
"FORMACIÓ I OCUPACIÓ BARCELONA ACTIVA 2020","MITJANS","PROXIMITAT REVISTES",0.0
"HABITATGE I REHABILITACIÓ 2020","MITJANS","PREMSA DIÀRIA",0.0
"HABITATGE I REHABILITACIÓ 2020","MITJANS","REVISTES",0.0
"HABITATGE I REHABILITACIÓ 2020","MITJANS","INTERNET",19173.9
"HABITATGE I REHABILITACIÓ 2020","MITJANS","EMISSORES DE RÀDIO",0.0
"HABITATGE I REHABILITACIÓ 2020","MITJANS","EXTERIOR",0.0
"HABITATGE I REHABILITACIÓ 2020","MITJANS","TELEVISIÓ",0.0
"HABITATGE I REHABILITACIÓ 2020","MITJANS","PROXIMITAT REVISTES",0.0
"ICUB MUSEUS MUNICIPALS I EQUIPAMENTS CULTURALS 2020","MITJANS","PREMSA DIÀRIA",7046.06
"ICUB MUSEUS MUNICIPALS I EQUIPAMENTS CULTURALS 2020","MITJANS","REVISTES",54295.12
"ICUB MUSEUS MUNICIPALS I EQUIPAMENTS CULTURALS 2020","MITJANS","INTERNET",81917.19
"ICUB MUSEUS MUNICIPALS I EQUIPAMENTS CULTURALS 2020","MITJANS","EMISSORES DE RÀDIO",1119.29
"ICUB MUSEUS MUNICIPALS I EQUIPAMENTS CULTURALS 2020","MITJANS","EXTERIOR",5822.52
"ICUB MUSEUS MUNICIPALS I EQUIPAMENTS CULTURALS 2020","MITJANS","TELEVISIÓ",0.0
"ICUB MUSEUS MUNICIPALS I EQUIPAMENTS CULTURALS 2020","MITJANS","PROXIMITAT REVISTES",0.0
"ICUB PROGRAMES I ACTIVITATS 2020","MITJANS","PREMSA DIÀRIA",10173.68
"ICUB PROGRAMES I ACTIVITATS 2020","MITJANS","REVISTES",26797.87
"ICUB PROGRAMES I ACTIVITATS 2020","MITJANS","INTERNET",44384.91
"ICUB PROGRAMES I ACTIVITATS 2020","MITJANS","EMISSORES DE RÀDIO",7901.16
"ICUB PROGRAMES I ACTIVITATS 2020","MITJANS","EXTERIOR",10495.12
"ICUB PROGRAMES I ACTIVITATS 2020","MITJANS","TELEVISIÓ",0.0
"ICUB PROGRAMES I ACTIVITATS 2020","MITJANS","PROXIMITAT REVISTES",2134.44
"LLUM BARCELONA 2020","MITJANS","PREMSA DIÀRIA",13616.75
"LLUM BARCELONA 2020","MITJANS","REVISTES",6207.08
"LLUM BARCELONA 2020","MITJANS","INTERNET",12425.49
"LLUM BARCELONA 2020","MITJANS","EMISSORES DE RÀDIO",11387.41
"LLUM BARCELONA 2020","MITJANS","EXTERIOR",15890.41
"LLUM BARCELONA 2020","MITJANS","TELEVISIÓ",0.0
"LLUM BARCELONA 2020","MITJANS","PROXIMITAT REVISTES",422.68
"MARKETPLACES 2020","MITJANS","PREMSA DIÀRIA",12100.0
"MARKETPLACES 2020","MITJANS","REVISTES",0.0
"MARKETPLACES 2020","MITJANS","INTERNET",24505.26
"MARKETPLACES 2020","MITJANS","EMISSORES DE RÀDIO",0.0
"MARKETPLACES 2020","MITJANS","EXTERIOR",0.0
"MARKETPLACES 2020","MITJANS","TELEVISIÓ",0.0
"MARKETPLACES 2020","MITJANS","PROXIMITAT REVISTES",0.0
"MERCABARNA 2020","MITJANS","PREMSA DIÀRIA",56343.13
"MERCABARNA 2020","MITJANS","REVISTES",12202.85
"MERCABARNA 2020","MITJANS","INTERNET",1028.5
"MERCABARNA 2020","MITJANS","EMISSORES DE RÀDIO",0.0
"MERCABARNA 2020","MITJANS","EXTERIOR",0.0
"MERCABARNA 2020","MITJANS","TELEVISIÓ",0.0
"MERCABARNA 2020","MITJANS","PROXIMITAT REVISTES",0.0
"MERCATS 2020","MITJANS","PREMSA DIÀRIA",6037.9
"MERCATS 2020","MITJANS","REVISTES",16455.98
"MERCATS 2020","MITJANS","INTERNET",2038.85
"MERCATS 2020","MITJANS","EMISSORES DE RÀDIO",0.0
"MERCATS 2020","MITJANS","EXTERIOR",0.0
"MERCATS 2020","MITJANS","TELEVISIÓ",0.0
"MERCATS 2020","MITJANS","PROXIMITAT REVISTES",0.0
"MERCÈ 2020","MITJANS","PREMSA DIÀRIA",49802.21
"MERCÈ 2020","MITJANS","REVISTES",0.0
"MERCÈ 2020","MITJANS","INTERNET",76465.12
"MERCÈ 2020","MITJANS","EMISSORES DE RÀDIO",24842.95
"MERCÈ 2020","MITJANS","EXTERIOR",0.0
"MERCÈ 2020","MITJANS","TELEVISIÓ",7982.98
"MERCÈ 2020","MITJANS","PROXIMITAT REVISTES",7459.75
"MOBILITAT A PEU I EN BICICLETA 2020","MITJANS","PREMSA DIÀRIA",60149.9
"MOBILITAT A PEU I EN BICICLETA 2020","MITJANS","REVISTES",0.0
"MOBILITAT A PEU I EN BICICLETA 2020","MITJANS","INTERNET",13309.96
"MOBILITAT A PEU I EN BICICLETA 2020","MITJANS","EMISSORES DE RÀDIO",10173.68
"MOBILITAT A PEU I EN BICICLETA 2020","MITJANS","EXTERIOR",0.0
"MOBILITAT A PEU I EN BICICLETA 2020","MITJANS","TELEVISIÓ",0.0
"MOBILITAT A PEU I EN BICICLETA 2020","MITJANS","PROXIMITAT REVISTES",0.0
"MOBILITAT I MODEL URBÀ 2020","MITJANS","PREMSA DIÀRIA",79142.81
"MOBILITAT I MODEL URBÀ 2020","MITJANS","REVISTES",0.0
"MOBILITAT I MODEL URBÀ 2020","MITJANS","INTERNET",123570.88
"MOBILITAT I MODEL URBÀ 2020","MITJANS","EMISSORES DE RÀDIO",49798.23
"MOBILITAT I MODEL URBÀ 2020","MITJANS","EXTERIOR",0.0
"MOBILITAT I MODEL URBÀ 2020","MITJANS","TELEVISIÓ",0.0
"MOBILITAT I MODEL URBÀ 2020","MITJANS","PROXIMITAT REVISTES",0.0
"NADAL 2019-2020 ","MITJANS","PREMSA DIÀRIA",52666.19
"NADAL 2019-2020 ","MITJANS","REVISTES",6788.1
"NADAL 2019-2020 ","MITJANS","INTERNET",38739.88
"NADAL 2019-2020 ","MITJANS","EMISSORES DE RÀDIO",0.0
"NADAL 2019-2020 ","MITJANS","EXTERIOR",834.9
"NADAL 2019-2020 ","MITJANS","TELEVISIÓ",0.0
"NADAL 2019-2020 ","MITJANS","PROXIMITAT REVISTES",0.0
"NADAL 2020-2021","MITJANS","PREMSA DIÀRIA",237153.39
"NADAL 2020-2021","MITJANS","REVISTES",34193.73
"NADAL 2020-2021","MITJANS","INTERNET",132246.67
"NADAL 2020-2021","MITJANS","EMISSORES DE RÀDIO",50744.38
"NADAL 2020-2021","MITJANS","EXTERIOR",27545.74
"NADAL 2020-2021","MITJANS","TELEVISIÓ",0.0
"NADAL 2020-2021","MITJANS","PROXIMITAT REVISTES",8481.98
"NOTIFICACIÓ ELECTRÒNICA 2020","MITJANS","PREMSA DIÀRIA",37251.37
"NOTIFICACIÓ ELECTRÒNICA 2020","MITJANS","REVISTES",2648.69
"NOTIFICACIÓ ELECTRÒNICA 2020","MITJANS","INTERNET",21085.27
"NOTIFICACIÓ ELECTRÒNICA 2020","MITJANS","EMISSORES DE RÀDIO",45074.38
"NOTIFICACIÓ ELECTRÒNICA 2020","MITJANS","EXTERIOR",0.0
"NOTIFICACIÓ ELECTRÒNICA 2020","MITJANS","TELEVISIÓ",0.0
"NOTIFICACIÓ ELECTRÒNICA 2020","MITJANS","PROXIMITAT REVISTES",0.0
"OBRIM CARRERS 2020","MITJANS","PREMSA DIÀRIA",0.0
"OBRIM CARRERS 2020","MITJANS","REVISTES",1765.62
"OBRIM CARRERS 2020","MITJANS","INTERNET",28799.31
"OBRIM CARRERS 2020","MITJANS","EMISSORES DE RÀDIO",34815.26
"OBRIM CARRERS 2020","MITJANS","EXTERIOR",0.0
"OBRIM CARRERS 2020","MITJANS","TELEVISIÓ",0.0
"OBRIM CARRERS 2020","MITJANS","PROXIMITAT REVISTES",0.0
"OFERTA PÚBLICA GUÀRDIA URBANA 2020","MITJANS","PREMSA DIÀRIA",0.0
"OFERTA PÚBLICA GUÀRDIA URBANA 2020","MITJANS","REVISTES",0.0
"OFERTA PÚBLICA GUÀRDIA URBANA 2020","MITJANS","INTERNET",9910.58
"OFERTA PÚBLICA GUÀRDIA URBANA 2020","MITJANS","EMISSORES DE RÀDIO",0.0
"OFERTA PÚBLICA GUÀRDIA URBANA 2020","MITJANS","EXTERIOR",0.0
"OFERTA PÚBLICA GUÀRDIA URBANA 2020","MITJANS","TELEVISIÓ",0.0
"OFERTA PÚBLICA GUÀRDIA URBANA 2020","MITJANS","PROXIMITAT REVISTES",0.0
"PLATGES 2020","MITJANS","PREMSA DIÀRIA",0.0
"PLATGES 2020","MITJANS","REVISTES",0.0
"PLATGES 2020","MITJANS","INTERNET",0.0
"PLATGES 2020","MITJANS","EMISSORES DE RÀDIO",48010.38
"PLATGES 2020","MITJANS","EXTERIOR",0.0
"PLATGES 2020","MITJANS","TELEVISIÓ",0.0
"PLATGES 2020","MITJANS","PROXIMITAT REVISTES",0.0
"PREMIS MONTSERRAT ROIG 2020","MITJANS","PREMSA DIÀRIA",0.0
"PREMIS MONTSERRAT ROIG 2020","MITJANS","REVISTES",0.0
"PREMIS MONTSERRAT ROIG 2020","MITJANS","INTERNET",9906.52
"PREMIS MONTSERRAT ROIG 2020","MITJANS","EMISSORES DE RÀDIO",0.0
"PREMIS MONTSERRAT ROIG 2020","MITJANS","EXTERIOR",0.0
"PREMIS MONTSERRAT ROIG 2020","MITJANS","TELEVISIÓ",0.0
"PREMIS MONTSERRAT ROIG 2020","MITJANS","PROXIMITAT REVISTES",0.0
"PRESSUPOSTOS PARTICIPATIUS 2020","MITJANS","PREMSA DIÀRIA",19709.93
"PRESSUPOSTOS PARTICIPATIUS 2020","MITJANS","REVISTES",0.0
"PRESSUPOSTOS PARTICIPATIUS 2020","MITJANS","INTERNET",79572.25
"PRESSUPOSTOS PARTICIPATIUS 2020","MITJANS","EMISSORES DE RÀDIO",0.0
"PRESSUPOSTOS PARTICIPATIUS 2020","MITJANS","EXTERIOR",41253.03
"PRESSUPOSTOS PARTICIPATIUS 2020","MITJANS","TELEVISIÓ",16559.97
"PRESSUPOSTOS PARTICIPATIUS 2020","MITJANS","PROXIMITAT REVISTES",18858.93
"QUINZENA DANSA METROPOLITANA 2020","MITJANS","PREMSA DIÀRIA",0.0
"QUINZENA DANSA METROPOLITANA 2020","MITJANS","REVISTES",1058.75
"QUINZENA DANSA METROPOLITANA 2020","MITJANS","INTERNET",6081.71
"QUINZENA DANSA METROPOLITANA 2020","MITJANS","EMISSORES DE RÀDIO",915.95
"QUINZENA DANSA METROPOLITANA 2020","MITJANS","EXTERIOR",0.0
"QUINZENA DANSA METROPOLITANA 2020","MITJANS","TELEVISIÓ",5157.32
"QUINZENA DANSA METROPOLITANA 2020","MITJANS","PROXIMITAT REVISTES",0.0
"REFORÇ COMERÇ LOCAL 2020","MITJANS","PREMSA DIÀRIA",94124.33
"REFORÇ COMERÇ LOCAL 2020","MITJANS","REVISTES",5445.0
"REFORÇ COMERÇ LOCAL 2020","MITJANS","INTERNET",82955.19
"REFORÇ COMERÇ LOCAL 2020","MITJANS","EMISSORES DE RÀDIO",77087.28
"REFORÇ COMERÇ LOCAL 2020","MITJANS","EXTERIOR",9055.14
"REFORÇ COMERÇ LOCAL 2020","MITJANS","TELEVISIÓ",0.0
"REFORÇ COMERÇ LOCAL 2020","MITJANS","PROXIMITAT REVISTES",14729.94
"SETMANA ARQUITECTURA 2020","MITJANS","PREMSA DIÀRIA",0.0
"SETMANA ARQUITECTURA 2020","MITJANS","REVISTES",0.0
"SETMANA ARQUITECTURA 2020","MITJANS","INTERNET",5890.44
"SETMANA ARQUITECTURA 2020","MITJANS","EMISSORES DE RÀDIO",0.0
"SETMANA ARQUITECTURA 2020","MITJANS","EXTERIOR",0.0
"SETMANA ARQUITECTURA 2020","MITJANS","TELEVISIÓ",0.0
"SETMANA ARQUITECTURA 2020","MITJANS","PROXIMITAT REVISTES",0.0
"SETMANA DEL CONSUM RESPONSABLE 2020","MITJANS","PREMSA DIÀRIA",0.0
"SETMANA DEL CONSUM RESPONSABLE 2020","MITJANS","REVISTES",0.0
"SETMANA DEL CONSUM RESPONSABLE 2020","MITJANS","INTERNET",1572.9
"SETMANA DEL CONSUM RESPONSABLE 2020","MITJANS","EMISSORES DE RÀDIO",0.0
"SETMANA DEL CONSUM RESPONSABLE 2020","MITJANS","EXTERIOR",0.0
"SETMANA DEL CONSUM RESPONSABLE 2020","MITJANS","TELEVISIÓ",0.0
"SETMANA DEL CONSUM RESPONSABLE 2020","MITJANS","PROXIMITAT REVISTES",0.0
"SMART CITY WEEK 2020","MITJANS","PREMSA DIÀRIA",38853.03
"SMART CITY WEEK 2020","MITJANS","REVISTES",0.0
"SMART CITY WEEK 2020","MITJANS","INTERNET",25473.73
"SMART CITY WEEK 2020","MITJANS","EMISSORES DE RÀDIO",0.0
"SMART CITY WEEK 2020","MITJANS","EXTERIOR",0.0
"SMART CITY WEEK 2020","MITJANS","TELEVISIÓ",0.0
"SMART CITY WEEK 2020","MITJANS","PROXIMITAT REVISTES",0.0
"SMOU 2020","MITJANS","PREMSA DIÀRIA",0.0
"SMOU 2020","MITJANS","REVISTES",0.0
"SMOU 2020","MITJANS","INTERNET",59689.3
"SMOU 2020","MITJANS","EMISSORES DE RÀDIO",0.0
"SMOU 2020","MITJANS","EXTERIOR",7275.39
"SMOU 2020","MITJANS","TELEVISIÓ",0.0
"SMOU 2020","MITJANS","PROXIMITAT REVISTES",0.0
"SUBVENCIONS ECONOMIA SOCIAL I SOLIDÀRIA 2020","MITJANS","PREMSA DIÀRIA",8447.51
"SUBVENCIONS ECONOMIA SOCIAL I SOLIDÀRIA 2020","MITJANS","REVISTES",0.0
"SUBVENCIONS ECONOMIA SOCIAL I SOLIDÀRIA 2020","MITJANS","INTERNET",30814.07
"SUBVENCIONS ECONOMIA SOCIAL I SOLIDÀRIA 2020","MITJANS","EMISSORES DE RÀDIO",10304.05
"SUBVENCIONS ECONOMIA SOCIAL I SOLIDÀRIA 2020","MITJANS","EXTERIOR",0.0
"SUBVENCIONS ECONOMIA SOCIAL I SOLIDÀRIA 2020","MITJANS","TELEVISIÓ",0.0
"SUBVENCIONS ECONOMIA SOCIAL I SOLIDÀRIA 2020","MITJANS","PROXIMITAT REVISTES",0.0
"SUBVENCIONS IMPULS ECONÒMIC 2020","MITJANS","PREMSA DIÀRIA",0.0
"SUBVENCIONS IMPULS ECONÒMIC 2020","MITJANS","REVISTES",0.0
"SUBVENCIONS IMPULS ECONÒMIC 2020","MITJANS","INTERNET",36133.75
"SUBVENCIONS IMPULS ECONÒMIC 2020","MITJANS","EMISSORES DE RÀDIO",0.0
"SUBVENCIONS IMPULS ECONÒMIC 2020","MITJANS","EXTERIOR",0.0
"SUBVENCIONS IMPULS ECONÒMIC 2020","MITJANS","TELEVISIÓ",0.0
"SUBVENCIONS IMPULS ECONÒMIC 2020","MITJANS","PROXIMITAT REVISTES",0.0
"TELÈFON PREVENCIÓ SUICIDI 2020","MITJANS","PREMSA DIÀRIA",0.0
"TELÈFON PREVENCIÓ SUICIDI 2020","MITJANS","REVISTES",0.0
"TELÈFON PREVENCIÓ SUICIDI 2020","MITJANS","INTERNET",19166.39
"TELÈFON PREVENCIÓ SUICIDI 2020","MITJANS","EMISSORES DE RÀDIO",0.0
"TELÈFON PREVENCIÓ SUICIDI 2020","MITJANS","EXTERIOR",0.0
"TELÈFON PREVENCIÓ SUICIDI 2020","MITJANS","TELEVISIÓ",0.0
"TELÈFON PREVENCIÓ SUICIDI 2020","MITJANS","PROXIMITAT REVISTES",0.0
"TIBIDABO 2020","MITJANS","PREMSA DIÀRIA",0.0
"TIBIDABO 2020","MITJANS","REVISTES",0.0
"TIBIDABO 2020","MITJANS","INTERNET",13738.3
"TIBIDABO 2020","MITJANS","EMISSORES DE RÀDIO",5579.79
"TIBIDABO 2020","MITJANS","EXTERIOR",14376.06
"TIBIDABO 2020","MITJANS","TELEVISIÓ",0.0
"TIBIDABO 2020","MITJANS","PROXIMITAT REVISTES",0.0
"WORLD DATA VIZ CHALLENGE 2020","MITJANS","PREMSA DIÀRIA",0.0
"WORLD DATA VIZ CHALLENGE 2020","MITJANS","REVISTES",0.0
"WORLD DATA VIZ CHALLENGE 2020","MITJANS","INTERNET",3739.48
"WORLD DATA VIZ CHALLENGE 2020","MITJANS","EMISSORES DE RÀDIO",0.0
"WORLD DATA VIZ CHALLENGE 2020","MITJANS","EXTERIOR",0.0
"WORLD DATA VIZ CHALLENGE 2020","MITJANS","TELEVISIÓ",0.0
"WORLD DATA VIZ CHALLENGE 2020","MITJANS","PROXIMITAT REVISTES",0.0
"ZONA BAIXES EMISSIONS 2020","MITJANS","PREMSA DIÀRIA",30401.75
"ZONA BAIXES EMISSIONS 2020","MITJANS","REVISTES",1149.5
"ZONA BAIXES EMISSIONS 2020","MITJANS","INTERNET",25286.85
"ZONA BAIXES EMISSIONS 2020","MITJANS","EMISSORES DE RÀDIO",32102.66
"ZONA BAIXES EMISSIONS 2020","MITJANS","EXTERIOR",3811.5
"ZONA BAIXES EMISSIONS 2020","MITJANS","TELEVISIÓ",35706.69
"ZONA BAIXES EMISSIONS 2020","MITJANS","PROXIMITAT REVISTES",0.0
"ZOO 2020","MITJANS","PREMSA DIÀRIA",0.0
"ZOO 2020","MITJANS","REVISTES",0.0
"ZOO 2020","MITJANS","INTERNET",18135.84
"ZOO 2020","MITJANS","EMISSORES DE RÀDIO",0.0
"ZOO 2020","MITJANS","EXTERIOR",9770.92
"ZOO 2020","MITJANS","TELEVISIÓ",0.0
"ZOO 2020","MITJANS","PROXIMITAT REVISTES",0.0
"CONTINGUTS INTERES CIUTADA 2020 - Continguts economia","MITJANS","PREMSA DIÀRIA",93761.2
"CONTINGUTS INTERES CIUTADA 2020 - Continguts economia","MITJANS","REVISTES",0.0
"CONTINGUTS INTERES CIUTADA 2020 - Continguts economia","MITJANS","INTERNET",62635.28
"CONTINGUTS INTERES CIUTADA 2020 - Continguts economia","MITJANS","EMISSORES DE RÀDIO",12750.98
"CONTINGUTS INTERES CIUTADA 2020 - Continguts economia","MITJANS","EXTERIOR",0.0
"CONTINGUTS INTERES CIUTADA 2020 - Continguts economia","MITJANS","TELEVISIÓ",0.0
"CONTINGUTS INTERES CIUTADA 2020 - Continguts economia","MITJANS","PROXIMITAT REVISTES",0.0
"CONTINGUTS INTERES CIUTADA 2020 - Continguts interès ciutadà","MITJANS","PREMSA DIÀRIA",154591.39
"CONTINGUTS INTERES CIUTADA 2020 - Continguts interès ciutadà","MITJANS","REVISTES",0.0
"CONTINGUTS INTERES CIUTADA 2020 - Continguts interès ciutadà","MITJANS","INTERNET",272909.0
"CONTINGUTS INTERES CIUTADA 2020 - Continguts interès ciutadà","MITJANS","EMISSORES DE RÀDIO",42468.58
"CONTINGUTS INTERES CIUTADA 2020 - Continguts interès ciutadà","MITJANS","EXTERIOR",0.0
"CONTINGUTS INTERES CIUTADA 2020 - Continguts interès ciutadà","MITJANS","TELEVISIÓ",0.0
"CONTINGUTS INTERES CIUTADA 2020 - Continguts interès ciutadà","MITJANS","PROXIMITAT REVISTES",23958.0
"CONTINGUTS INTERES CIUTADA 2020 - Continguts interès social","MITJANS","PREMSA DIÀRIA",161469.66
"CONTINGUTS INTERES CIUTADA 2020 - Continguts interès social","MITJANS","REVISTES",0.0
"CONTINGUTS INTERES CIUTADA 2020 - Continguts interès social","MITJANS","INTERNET",198070.74
"CONTINGUTS INTERES CIUTADA 2020 - Continguts interès social","MITJANS","EMISSORES DE RÀDIO",10998.9
"CONTINGUTS INTERES CIUTADA 2020 - Continguts interès social","MITJANS","EXTERIOR",0.0
"CONTINGUTS INTERES CIUTADA 2020 - Continguts interès social","MITJANS","TELEVISIÓ",0.0
"CONTINGUTS INTERES CIUTADA 2020 - Continguts interès social","MITJANS","PROXIMITAT REVISTES",0.0
"CONTINGUTS INTERES CIUTADA 2020 - Continguts feminismes-LGTBI","MITJANS","PREMSA DIÀRIA",0.0
"CONTINGUTS INTERES CIUTADA 2020 - Continguts feminismes-LGTBI","MITJANS","REVISTES",0.0
"CONTINGUTS INTERES CIUTADA 2020 - Continguts feminismes-LGTBI","MITJANS","INTERNET",16525.58
"CONTINGUTS INTERES CIUTADA 2020 - Continguts feminismes-LGTBI","MITJANS","EMISSORES DE RÀDIO",0.0
"CONTINGUTS INTERES CIUTADA 2020 - Continguts feminismes-LGTBI","MITJANS","EXTERIOR",0.0
"CONTINGUTS INTERES CIUTADA 2020 - Continguts feminismes-LGTBI","MITJANS","TELEVISIÓ",0.0
"CONTINGUTS INTERES CIUTADA 2020 - Continguts feminismes-LGTBI","MITJANS","PROXIMITAT REVISTES",0.0
"CONTINGUTS INTERES CIUTADA 2020 - Continguts ecologia","MITJANS","PREMSA DIÀRIA",53823.22
"CONTINGUTS INTERES CIUTADA 2020 - Continguts ecologia","MITJANS","REVISTES",0.0
"CONTINGUTS INTERES CIUTADA 2020 - Continguts ecologia","MITJANS","INTERNET",53240.01
"CONTINGUTS INTERES CIUTADA 2020 - Continguts ecologia","MITJANS","EMISSORES DE RÀDIO",0.0
"CONTINGUTS INTERES CIUTADA 2020 - Continguts ecologia","MITJANS","EXTERIOR",0.0
"CONTINGUTS INTERES CIUTADA 2020 - Continguts ecologia","MITJANS","TELEVISIÓ",0.0
"CONTINGUTS INTERES CIUTADA 2020 - Continguts ecologia","MITJANS","PROXIMITAT REVISTES",0.0
"CONTINGUTS INTERES CIUTADA 2020 - Continguts mobilitat","MITJANS","PREMSA DIÀRIA",161469.66
"CONTINGUTS INTERES CIUTADA 2020 - Continguts mobilitat","MITJANS","REVISTES",0.0
"CONTINGUTS INTERES CIUTADA 2020 - Continguts mobilitat","MITJANS","INTERNET",40417.74
"CONTINGUTS INTERES CIUTADA 2020 - Continguts mobilitat","MITJANS","EMISSORES DE RÀDIO",17048.9
"CONTINGUTS INTERES CIUTADA 2020 - Continguts mobilitat","MITJANS","EXTERIOR",0.0
"CONTINGUTS INTERES CIUTADA 2020 - Continguts mobilitat","MITJANS","TELEVISIÓ",0.0
"CONTINGUTS INTERES CIUTADA 2020 - Continguts mobilitat","MITJANS","PROXIMITAT REVISTES",0.0
"CONTINGUTS INTERES CIUTADA 2020 - Continguts cultura","MITJANS","PREMSA DIÀRIA",0.0
"CONTINGUTS INTERES CIUTADA 2020 - Continguts cultura","MITJANS","REVISTES",0.0
"CONTINGUTS INTERES CIUTADA 2020 - Continguts cultura","MITJANS","INTERNET",20910.86
"CONTINGUTS INTERES CIUTADA 2020 - Continguts cultura","MITJANS","EMISSORES DE RÀDIO",0.0
"CONTINGUTS INTERES CIUTADA 2020 - Continguts cultura","MITJANS","EXTERIOR",0.0
"CONTINGUTS INTERES CIUTADA 2020 - Continguts cultura","MITJANS","TELEVISIÓ",0.0
"CONTINGUTS INTERES CIUTADA 2020 - Continguts cultura","MITJANS","PROXIMITAT REVISTES",0.0
"CONTINGUTS INTERES CIUTADA 2020 - Continguts educació","MITJANS","PREMSA DIÀRIA",2541.0
"CONTINGUTS INTERES CIUTADA 2020 - Continguts educació","MITJANS","REVISTES",0.0
"CONTINGUTS INTERES CIUTADA 2020 - Continguts educació","MITJANS","INTERNET",28023.52
"CONTINGUTS INTERES CIUTADA 2020 - Continguts educació","MITJANS","EMISSORES DE RÀDIO",0.0
"CONTINGUTS INTERES CIUTADA 2020 - Continguts educació","MITJANS","EXTERIOR",0.0
"CONTINGUTS INTERES CIUTADA 2020 - Continguts educació","MITJANS","TELEVISIÓ",0.0
"CONTINGUTS INTERES CIUTADA 2020 - Continguts educació","MITJANS","PROXIMITAT REVISTES",0.0
"CONTINGUTS INTERES CIUTADA 2020 - Continguts barris i equipaments","MITJANS","PREMSA DIÀRIA",0.0
"CONTINGUTS INTERES CIUTADA 2020 - Continguts barris i equipaments","MITJANS","REVISTES",0.0
"CONTINGUTS INTERES CIUTADA 2020 - Continguts barris i equipaments","MITJANS","INTERNET",5780.78
"CONTINGUTS INTERES CIUTADA 2020 - Continguts barris i equipaments","MITJANS","EMISSORES DE RÀDIO",0.0
"CONTINGUTS INTERES CIUTADA 2020 - Continguts barris i equipaments","MITJANS","EXTERIOR",0.0
"CONTINGUTS INTERES CIUTADA 2020 - Continguts barris i equipaments","MITJANS","TELEVISIÓ",0.0
"CONTINGUTS INTERES CIUTADA 2020 - Continguts barris i equipaments","MITJANS","PROXIMITAT REVISTES",0.0
"CONTINGUTS INTERES CIUTADA 2020 - Continguts salut","MITJANS","PREMSA DIÀRIA",51832.56
"CONTINGUTS INTERES CIUTADA 2020 - Continguts salut","MITJANS","REVISTES",0.0
"CONTINGUTS INTERES CIUTADA 2020 - Continguts salut","MITJANS","INTERNET",11281.86
"CONTINGUTS INTERES CIUTADA 2020 - Continguts salut","MITJANS","EMISSORES DE RÀDIO",0.0
"CONTINGUTS INTERES CIUTADA 2020 - Continguts salut","MITJANS","EXTERIOR",0.0
"CONTINGUTS INTERES CIUTADA 2020 - Continguts salut","MITJANS","TELEVISIÓ",0.0
"CONTINGUTS INTERES CIUTADA 2020 - Continguts salut","MITJANS","PROXIMITAT REVISTES",0.0
"CONTINGUTS INTERES CIUTADA 2020 - Continguts esports","MITJANS","PREMSA DIÀRIA",0.0
"CONTINGUTS INTERES CIUTADA 2020 - Continguts esports","MITJANS","REVISTES",0.0
"CONTINGUTS INTERES CIUTADA 2020 - Continguts esports","MITJANS","INTERNET",5187.87
"CONTINGUTS INTERES CIUTADA 2020 - Continguts esports","MITJANS","EMISSORES DE RÀDIO",0.0
"CONTINGUTS INTERES CIUTADA 2020 - Continguts esports","MITJANS","EXTERIOR",0.0
