"Número registre","Òrgan gestor","Títol","Dotació econòmica directa","Data formalització","Data finalització","Entitats i organitzacions"
"C20000001","DISTRICTE DE ST. ANDREU","CONVENI ENTRE EL DISTRICTE DE SANT ANDREU I LA SOCIETAT CULTURAL I ESPORTIVA LA LIRA PER A LA GESTIÓ CORESPONSABLE DE L'EDIFICI DEL CARRER COROLEU, 15 I LA PLANTA BAIXA DEL CARRER ABAD ODÓ, 22 DE BARCELONA",52776.75,"13/01/2020","31/12/2023","SOCIETAT CULTURAL I ESPORTIVA LA LIRA DE SANT ANDREU DE PALOMAR"
"C20000002","DISTRICTE DE GRACIA","CONVENI ENTRE EL DISTRICTE DE GRÀCIA I ENCARNACIÓ INVEST, SL. PER A LA REVOCACIÓ DE LA LLICÈNCIA D'EDIFICACIÓ I TRANSMISSIÓ DE LES FINQUES DEL CARRER ENCARNACIÓ, 13-15 I 17",0.0,"22/01/2020","31/12/2020","ENCARNACIÓ INVEST, SL."
"C20000003","INSTITUT DE CULTURA","CONVENI ENTRE L'ICUB, EL MINISTERI D'EDUCACIÓ, CULTURA I ESPORTS, EL MINISTERI D'HISENDA I ADMINISTRACIONS PÚBLIQUES, LA GENERALITAT DE CATALUNYA, LA DIPUTACIÓ DE BARCELONA I LA FUNDACIÓ GRAN TEATRE DEL LICEU PER A LA PRÒRROGA I MODIFICACIÓ CONVENI CREACIÓ COMISSIÓ INTERADMINISTRATIVA 20 ANIVERSARI DE LA REOBERTURA DEL LICEU I EL BICENTENARI DE LA CREACIÓ DE LA SOCIETAT D'ACCIONISTES",0.0,"07/01/2020","31/12/2020","MINIST. D'EDUCACIO I CULTURA I ESPORT; MINIST. D'ECONOMIA I HISENDA; DIPUTACIO DE BARCELONA; FUNDACIÓ GRAN TEATRE DEL LICEU"
"C20000004","GERENCIA DRETS SOCIALS","CONVENI ENTRE L'AJUNTAMENT DE BARCELONA I L'AECAD PER AL DESENVOLUPAMENT D'AVANTATGES ECONÒMICS ALS TITULARS DE LA TARGETA ROSA I TARGETA BARCELONA SOLIDÀRIA PER REDUIR LES DESIGUALTATS SOCIALS EN SALUT BUCODENTAL",0.0,"06/11/2019","","ASSOCIACIÓ EMPRESARIAL CENTRES D'ASSISTÈNCIA DENTAL (AECAD@)"
"C20000005","ECOLOGIA URBANISME MOBILITAT","CONVENI DE DELEGACIÓ PER LA GENERALITAT DE CATALUNYA A L'AJUNTAMENT DE BARCELONA DE LES COMPETÈNCIES PER A LA GESTIÓ DIRECTA DEL PORT OLÍMPIC DE BARCELONA",0.0,"04/02/2020","","CONSELLERIA TERRITORI I SOSTENIBILITAT"
"C20000006","DISTRICTE D'HORTA-GUINARDO","CONVENI ENTRE EL DISTRICTE D'HORTA-GUINARDÓ I EL CONSELL DE LA JOVENTUT DEL DISTRICTE D'HORTA-GUINARDÓ PER A LA GESTIÓ CÍVICA DE L'EQUIPAMENT MUNICIPAL CARRER HORTA, 71",77850.0,"24/01/2020","31/12/2020","CONSELL DE LA JOVENTUT D'HORTA-GUINARDO"
"C20000007","DISTRICTE DE ST. ANDREU","CONVENI ENTRE EL DISTRICTE DE SANT ANDREU I EL SR. XAVIER MARTÍN VILÀ RELATIU A LA DONACIÓ D'UN PERGAMÍ DEL SEGLE XV",0.0,"28/01/2020","","XAVIER MARTÍN VILÀ"
"C20000008","DISTRICTE DE SANTS-MONTJUÏC","CONVENI ENTRE EL DISTRICTE DE SANTS-MONTJUÏC I L'ASSOCIACIÓ VEÏNAL LA VINYA PER A LA GESTIÓ DE L'EQUIPAMENT DEL CASAL DE BARRI LA VINYA",0.0,"10/02/2020","31/12/2020","ASSOC. VEÏNAL LA VINYA"
"C20000009","BARCELONA SERVEIS MUNICIPALS SA","CONVENI ENTRE BSM, LA SOCIEDAD GESTORA CONJUNTO PALEONTOLÓGICO DE TERUEL I EL PARC D'ATRACCIONS TIBIDABO PER A LA TEMPORADA 2020 TIBICLUB",0.0,"20/01/2020","06/01/2021","SOCIETAT GESTORA DEL CONJUNT PALEONTOLOGIC DE TEROL SA"
"C20000010","DISTRICTE DE SANTS-MONTJUÏC","CONVENI ENTRE EL DISTRICTE DE SANTS-MONTJUÏC I L'ASSOCIACIÓ DE VEÏNS SANT CRISTÒFOL PER A LA GESTIÓ DE L'EQUIPAMENT DEL CASAL DE BARRI SANT CRISTÒFOL",32000.0,"06/02/2020","31/12/2020","ASSOCIACIÓ DE VEÏNS SANT CRISTÒFOL"
"C20000011","DIREC. SERV. JURÍDICS I PROMOC. RECURSOS HUMANS","SEGONA PRÒRROGA I MODIFICACIÓ CLÀUSULA 6 CONVENI MARC ENTRE L'AJUNTAMENT DE BARCELONA I LA FUNDACIÓ UNIVERSITAT POMPEU FABRA",0.0,"24/01/2020","01/02/2020","UNIVERSITAT POMPEU FABRA"
"C20000012","DIREC. SERV. JURÍDICS I PROMOC. RECURSOS HUMANS","CONVENI ENTRE L'AJUNTAMENT DE BARCELONA I L'INSTITUT DE SEGURETAT PÚBLICA DE CATALUNYA COM A CENTRE ADSCRIT A LA UNIVERSITAT DE BARCELONA I MODIFICACIÓ DE LA CLÀUSULA 6.1",0.0,"10/02/2020","28/02/2021","INSTITUT DE SEGURETAT PÚBLICA DE CATALUNYA"
"C20000013","AJUNTAMENT DE BARCELONA","ACORD ENTRE L'AJUNTAMENT DE BARCELONA I EL GOVERN D'ESPANYA PER LA CAPITALITAT CULTURAL I CIENTÍFICA DE BARCELONA, DONAR SUPORT III CONFERÈNCIA INTERNACIONAL D'EDUCACIÓ SUPERIOR DE LA UNESCO I CONVOCATÒRIA COMISSIÓ DE COL·LABORACIÓ INTERADMINISTRATIVA",0.0,"07/02/2020","","PRESIDENCIA DEL GOBIERNO"
"C20000014","INSTITUT DE CULTURA","CONVENI ENTRE L'ICUB I I EL DISTRICTE DE SARRIÀ-SANT GERVASI PER A LA CESSIÓ D'INSTRUMENTS MUSICALS DECOMISSATS A LA VIA PÚBLICA I NO RECOLLITS PELS TITULARS",0.0,"13/01/2020","","DISTRICTE DE SARRIA-SANT GERVASI"
"C20000015","INSTITUT DE CULTURA","CONVENI ENTRE L'ICUB I L'INSTITUT CATALÀ DE LES EMPRESES CULTURALS EN EL MARC DE LA CAMPANYA ""ESCENA 25""",0.0,"02/01/2020","31/12/2020","INSTITUT CATALA DE LES EMPRESES CULTURALS (ICEC)"
"C20000016","INSTITUT DE CULTURA","CONVENI ENTRE L'ICUB I LA UTE JULIATRAVEL, SA., MARFINA, SL., PER A LA PROMOCIÓ DELS CENTRES MUHBA A TRAVÉS DE LES RUTES BARCELONA CITY TOUR",2178.0,"02/01/2020","02/01/2022","UTE JULIATRAVEL SA MARFINA SL"
"C20000017","INSTITUT DE CULTURA","CONVENI ENTRE L'ICUB I TRITÓ, SL. PER A LA INSTAL·LACIÓ I GESTIÓ DEL SISTEMA DE TICKETING DE KOOBIN PER A LA VENDA D'ENTRADES DELS ESPECTACLES DE BCN CLÀSSICS A LES TAQUILLES DEL PALAU DE LA VIRREINA",0.0,"02/01/2020","","TRITÓ, SL."
"C20000018","INSTITUT DE CULTURA","CONVENI ENTRE L'ICUB I LA FUNDACIÓ JOAN MIRÓ PER A LA SEVA PARTICIPACIÓ EN LA JORNADA IN MUSEU",0.0,"01/02/2020","01/02/2021","FUNDACIÓ JOAN MIRO"
"C20000019","INSTITUT DE CULTURA","CONVENI ENTRE L'ICUB I EL CONSORCI DEL MUSEU DE CIÈNCIES NATURALS DE BARCELONA PER A LA SEVA PARTICIPACIÓ EN LA JORNADA IN-MUSEU",0.0,"01/02/2020","01/02/2021","CONSORCI MUSEU CIENCIES NATURALS BCN"
"C20000020","INSTITUT DE CULTURA","CONVENI ENTRE L'ICUB I EL MUSEU NACIONAL D'ART DE CATALUNYA PER A LA SEVA PARTICIPACIÓ EN LA JORNADA IN-MUSEU",0.0,"01/02/2020","01/02/2021","MUSEU NACIONAL D'ART DE CATALUNYA-MNAC"
"C20000021","INSTITUT DE CULTURA","CONVENI ENTRE L'ICUB I EL MUSEU DE LA MÚSICA DE BARCELONA PER A LA SEVA PARTICIPACIÓ EN LA JORNADA IN-MUSEU",0.0,"01/02/2020","01/02/2021","CONSORCI AUDITORI I ORQUESTRA"
"C20000022","INSTITUT DE CULTURA","CONVENI ENTRE L'ICUB I EL CONSORCI MUSEU D'ART CONTEMPORANI DE BARCELONA PER A LA SEVA PARTICIPACIÓ EN LA JORNADA IN-MUSEU",0.0,"01/02/2020","01/02/2021","MUSEU D'ART CONTEMPORANI DE BARCELONA (MACBA)"
"C20000023","INSTITUT DE CULTURA","CONVENI ENTRE L'ICUB I LA FUNDACIÓ BARCELONA CULTURA PER DONAR SUPORT PROMOCIONANT I SPONSORITZANT PROJECTES CULTURALS I CREATIUS DE LA CIUTAT DE BARCELONA",0.0,"29/01/2020","31/12/2023","FUNDACIÓ BARCELONA CULTURA"
"C20000024","INSTITUT DE CULTURA","CONVENI ENTRE L'ICUB I ESCOLES DE MÚSICA D'INICIATIVA PRIVADA DE CATALUNYA EN MATÈRIA D'AJUTS DE FORMACIÓ MUSICAL",130000.0,"10/01/2020","30/09/2020","ESCOLES DE MÚSICA D'INICIATIVA PRIVADA DE CATALUNYA (EMIPAC)"
"C20000025","INSTITUT BARCELONA ESPORTS","CONVENI ENTRE L'IBE I VOLTA CICLISTA A CATALUNYA, ASSOCIACIÓ ESPORTIVA PER A L'EXECUCIÓ DE LES EDICIONS DE LA VOLTA CICLISTA A CATALUNYA  DELS ANYS 2020, 2021, 2022 I 2023",650000.0,"07/02/2020","30/06/2023","VOLTA CICLISTA A CATALUNYA, ASSOCIACIÓ ESPORTIVA"
"C20000026","INST.PAISATGE URBA I QV","CONVENI ENTRE L'IMPUIQV I EL MUSEU DEL MODERNISME PER OFERIR DESCOMPTES ADDICIONALS AMB MOTIU D'ALTRES CAMPANYES PROMOGUDES PER LA RUTA DEL MODERNISME",0.0,"31/01/2020","31/01/2024","MUSEU DEL MODERNISME CATALA"
"C20000027","SEGURETAT I MOBILITAT","CONVENI D'ADHESIÓ ACCÉS TELEMÀTIC PER PART DE L'HOSPITAL UNIVERSITARI SAGRAT COR A LES DADES BÀSIQUES, DERIVADES D'ACCIDENTS DE TRÀNSIT DE L'APLICACIÓ DE LA GUÀRDIA URBANA DE L'AJUNTAMENT DE BARCELONA",0.0,"24/01/2020","24/01/2024","HOSPITAL DE SANT RAFAEL-GERMANES HOSPITALÀRIES DEL SAGRAT COR DE JESÚS"
"C20000028","SEGURETAT I MOBILITAT","CONVENI D'ADHESIÓ PER A L'ACCÉS TELEMÀTIC PER PART DE L'HOSPITAL UNIVERSITARI GENERAL DE CATALUNYA A LES DADES BÀSIQUES DERIVADES D'ACCIDENTS DE TRÀNSIT DE L'APLICACIÓ DE LA GUÀRDIA URBANA DE L'AJUNTAMENT DE BARCELONA",0.0,"24/01/2020","24/01/2024","HOSPITAL UNIVERSITARI GENERAL DE CATALUNYA"
"C20000029","SEGURETAT I MOBILITAT","CONVENI D'ADHESIÓ PER A L'ACCÉS TELEMÀTIC PER PART DE L'HOSPITAL QUIRÓN SALUD VALLÈS A LES DADES BÀSIQUES DERIVADES D'ACCIDENTS DE TRÀNSIT DE L'APLICACIÓ DE LA GUÀRDIA URBANA DE L'AJUNTAMENT DE BARCELONA",0.0,"24/01/2020","24/01/2024","HOSPITAL QUIRÓN SALUD VALLÈS"
"C20000030","SERVEIS GENERALS","CONVENI ENTRE L'AJUNTAMENT DE BARCELONA I LA FUNDACIÓ SETBA QUE REGULA L'ACCIÓ ARTÍSTICA VINCULADA AL PROJECTE FOTOGRÀFIC ANOMENAT ""MUSES DE L'OMBRA A LA LLUM""EN EL MARC DEL DIA INTERNACIONAL DE LA DONA",0.0,"27/02/2020","25/03/2020","FUNDACIÓ SETBA"
"C20000031","BARCELONA INFRAESTRUCTURES MUNICIPALS SA (BIMSA)","CONVENI ENTRE BIMSA I TELEFÒNICA INFRAESTRUCTURA TELECOMUNICACIONS CORRESPONENT AL CARRER MESTRES CASALS I MARTORELL, 18 AL DISTRICTE DE CIUTAT VELLA",0.0,"02/03/2020","","TELEFONICA D'ESPANYA, SA."
"C20000032","BARCELONA INFRAESTRUCTURES MUNICIPALS SA (BIMSA)","CONVENI ENTRE BIMSA I TELEFÒNICA INFRAESTRUCTURA TELECOMUNICACIONS CORRESPONENT CARRER CLARAMUNT AMB CARRER BARNOLA I CARRER BELLMUNT AL DISTRICTE DE SANT ANDREU",0.0,"02/03/2020","","TELEFONICA D'ESPANYA, SA."
"C20000033","BARCELONA INFRAESTRUCTURES MUNICIPALS SA (BIMSA)","CONVENI ENTRE BIMSA I TELEFÒNICA INFRAESTRUCTURA TELECOMUNICACIONS CORRESPONENT AL CARRER TEMPLERS ENTRE CIUTAT I CARRER GEGANTS AL DISTRICTE DE CIUTAT VELLA",0.0,"02/03/2020","","TELEFONICA D'ESPANYA, SA."
"C20000034","SEGURETAT I MOBILITAT","CONVENI ENTRE L'AJUNTAMENT DE BARCELONA I LA UNIVERSITAT AUTÒNOMA DE BARCELONA PROJECTE RIGHTSAPP QUE TÉ COM A OBJECTIU PRINCIPAL ASSISTIR ALS CIUTADANS DE LA UNIÓ EUROPEA QUAN ESDEVENEN VÍCTIMES DEL DELICTE",0.0,"28/01/2020","28/01/2022","UNIVERSITAT AUTONOMA DE BARCELONA"
"C20000035","BARCELONA INFRAESTRUCTURES MUNICIPALS SA (BIMSA)","CONVENI PROJECTE EXECUTIU CAMP DE FUTBOL PROVISIONAL AL BARRI DE BARÓ DE VIVER AL DISTRICTE DE SANT ANDREU",0.0,"02/04/2020","","EDISTRIBUCIÓN REDES DIGITALES, SL."
"C20000036","PATRIMONI","CONVENI ENTRE L'AJUNTAMENT DE BARCELONA I EL CONSORCI DEL MUSEU D'ART CONTEMPORANI DE BARCELONA, REGULADOR DELS ACORDS PER A L'AMPLIACIÓ DEL MUSEU D'ART CONTEMPORANI DE BARCELONA (MACBA) I RETORN A L'AJUNTAMENT DE LA CAPELLA DE LA MISERICÒRDIA",0.0,"24/02/2020","","MUSEU D'ART CONTEMPORANI DE BARCELONA (MACBA)"
"C20000037","BARCELONA INFRAESTRUCTURES MUNICIPALS SA (BIMSA)","CONVENI ENTRE BIMSA I E-DISTRIBUCIÓN PER A LA REURBANITZACIÓ DE LA PLAÇA SÓLLER AL BARRI DE LA PORTA AL DISTRICTE DE NOU BARRIS",0.0,"16/04/2020","","EDISTRIBUCIÓN REDES DIGITALES, SL."
"C20000038","SERVEIS GENERALS","ACORD DE COL·LABORACIÓ ENTRE L'AJUNTAMENT DE BARCELONA I AIGÜES DE BARCELONA, EMPRESA METROPOLITANA DE GESTIÓ DEL CICLE INTEGRAL DE L'AIGUA, SA.",0.0,"23/04/2020","","EMPR.METROP. CICLE INTEGRAL AIGUA"
"C20000039","SERVEIS GENERALS","CONVENI ENTRE L'AJUNTAMENT DE BARCELONA I LA FUNDACIÓN DE ESTUDIOS LIBERTARIOS ANSELMO LORENZO PER A LA CESSIÓ D'IMATGES I DRETS DE LES IMATGES PER AL LLIBRE ""GRÀFICA OBRERA I ANARQUISTA"" EN DOS VOLUMS",0.0,"23/01/2020","31/12/2021","FUNDACIÓN ESTUDIOS LIBERTARIOS ANSELMO LORENZO (FAL)"
"C20000040","SERVEIS GENERALS","CONVENI ENTRE L'INSTITUT DE CULTURA DEMOCRÀTICA A L'ERA DIGITAL PER A LA BÚSTIA ÈTICA I DE BON GOVERN (PROTOCOL MARC DE COL·LABORACIÓ AMB XNET PER ESTABLIR UNA VIA DE COMUNICACIÓ PER DIFONDRE I ENFORTIR LA BÚSTIA ÈTICA COM A PARADIGMA DE CANAL DE COMUNICACIONS I EINA LLUITA COANTRA EL FRAU I LA CORREUPCIÓ",0.0,"11/03/2020","","XNET; FERROCARRILS GENERALITAT CATALUNYA"
"C20000041","ECOLOGIA URBANISME MOBILITAT","CONVENI URBANÍSTIC CORRESPONENT A L'ÀMBIT DELIMITAT PELS CARRERS DE SINAÍ, DE NATZARET I DE SAMARIA ENTRE L'AJUNTAMENT DE BARCELONA I FELTEN SPV 2018, SL.",0.0,"14/05/2020","","FELTEN SPV 2018, SL."
"C20000042","DISTRICTE DE LES CORTS","CONVENI ENTRE EL DISTRICTE DE LES CORTS, EL CENTRE D'ESTUDIS MUSICALS A TEMPO, VOX MUSIC I L'ASSOCIACIÓ PER L'ALTRE COR CREMAT DE BARCELONA-AJUT AL QUART MÓN, PER A L'ORGANITZACIÓ DEL CONCURS INTERNACIONAL DE MÚSICA DE LES CORTS 2020",0.0,"22/05/2020","","ASSOC. VOX MUSIC"
"C20000043","ECOLOGIA URBANISME MOBILITAT","CONVENI ENTRE L'AJUNTAMENT DE BARCELONA I LA GENERALITAT DE CATALUNYA PER A LA MODIFICACIÓ DELS TERMINIS ATORGATS EN EL CONVENI FORMALITZAT EL 10-1-17 PER A LA REORDENACIÓ DELS EQUIPAMENTS PENITENCIARIS A LA CIUTAT DE BARCELONA, POSTERIORMENT MODIFICAT EL 16-1-18 I 13-5-19",0.0,"28/02/2020","30/06/2020","CONSELLERIA D'ECONOMIA I FINANCES; CONSELLERIA DE JUSTICIA"
"C20000044","SERVEIS GENERALS","CONVENI ENTRE L'AJUNTAMENT DE BARCELONA I EL CONSORCI MAR PARC DE SALUT DE BARCELONA PER AL DESENVOLUPAMENT DEL PROGRAMA D'ATENCIÓ INTEGRAL PERSONAL MUNICIPAL (PAIPEM)",73689.0,"03/06/2020","03/06/2023","CONSORCI MAR PARC SALUT BCN"
"C20000045","BARCELONA INFRAESTRUCTURES MUNICIPALS SA (BIMSA)","CONVENI ENTRE BIMSA I E-DISTRIBUCIÓN PROJECTE EXECUTIU TÚNELS VIARIS A LA PLAÇA DE LES GLÒRIES, ENTRE ELS CARRERS BADAJOZ I CASTILLEJO: SEPARATA OBRA CIVIL TÚNEL 1 I TÚNELS VIARIS PLAÇA DE LES GLÒRIES, ENTRE ELS CARRERS BADAJOZ I RAMBLA DEL POBLENOU: SEPARATA  OBRA CIVIL TÚNEL 2",0.0,"04/06/2020","","EDISTRIBUCIÓN REDES DIGITALES, SL."
"C20000046","DISTRICTE D'HORTA-GUINARDO","CONVENI ENTRE EL DISTRICTE D'HORTA-GUINARDÓ, EL SERVEI CATALÀ DE LA SALUT I L'HOSPITAL UNIVERSITARI DE LA VALL D'HEBRON PER A L'AUTORITZACIÓ PROVISIONAL DE L'OCUPACIÓ D'UN ESPAI DE LA FINCA MUNICIPAL SITUADA EN EL PASSEIG DE LA VALL D'HEBRON, 138-160 PER CONTINUAR AMB L'UBICACIÓ D'UN HELIPORT",0.0,"06/04/2020","01/03/2022","SERVEI CATALA DE LA SALUT; HOSPITAL UNIVERSITARI VALL D'HEBRON"
"C20000047","","ANNEX III PROTOCOL D'ADHESIÓ DE L'ESTRUCTURA ""BÚSTIA ÈTICA I DE BON GOVERN"" DE L'AJUNTAMENT DE BARCELONA",0.0,"10/03/2020","","GENERALITAT DE CATALUNYA"
"C20000048","DISTRICTE DE LES CORTS","CONVENI ENTRE EL DISTRICTE DE LES CORTS, EL DEPARTAMENT DE PRESIDÈNCIA DE LA GENERALITAT DE CATALUNYA I CONCERT STUDIO, SL. ADDENDA PER AL DESENVOLUPAMENT DEL FESTIVAL INTERNACIONAL DE MÚSICA ALS JARDINS I DIVERSES ESTANCES DEL COMPLEX DEL PALAU DE PEDRALBES",0.0,"07/07/2020","30/09/2020","DEP. PRESIDENCIA GENERALITAT; CONCERTS ESTUDIO, S.L."
"C20000049","GERENCIA DRETS SOCIALS","CONVENI ENTRE L'AJUNTAMENT DE BARCELONA I L'ASSOCIACIÓ DE DIABÈTICS DE CATALUNYA PER A LA DIFUSIÓ ENTRE EL SEU COL·LECTIU DEL PROJECTE QUE TÉ PER OBJECTE L'ABASTIMENT GRATUÏT DE PRODUCTES ALIMENTARIS BÀSICS A LA POBLACIÓ DE RISC DAVANT LA COVID-19",0.0,"17/06/2020","","ASSOCIACIÓ DE DIABÈTICS DE CATALUNYA"
"C20000050","GERENCIA DRETS SOCIALS","CONVENI ENTRE L'AJUNTAMENT DE BARCELONA I LINE SPORTS AND ENTERTAINMENT, SL. PER A L'ABASTIMENT GRATUÏT DE PRODUCTES ALIMENTARIS BÀSICS A POBLACIÓ DE RISC DAVANT LA COVID-19",0.0,"17/06/2020","17/06/2020","LINE SPORTS AND ENTERTAINMENT, SL."
"C20000051","GERÈNCIA D'ECOLOGIA URBANA","CONVENI URBANÍSTIC ENTRE L'AJUNTAMENT DE BARCELONA I LA UNIVERSITAT DE BARCELONA CORRESPONENT A L'EQUIPAMENT SITUAT AL CARRER DE CAN RÀBIA NÚM. 7-9",0.0,"21/07/2020","","UNIVERSITAT DE BARCELONA"
"C20000052","INSTITUT DE CULTURA","CONVENI ENTRE L'INSTITUT DE CULTURA I LA FUNDACIÓ JACINT VERDAGUER DE FOLGUEROLESDINS DEL PROJECTE DEL MUSEU D'HISTÒRIA DE BARCELONA EN ELS ÀMBITS DE LA CONSERVACIÓ, LA RECERCA I LA COMUNICACIÓ",0.0,"10/01/2020","31/12/2021","FUNDACIÓ JACINT VERDAGUER"
"C20000053","INSTITUT DE CULTURA","CONVENI ENTRE L'INSTITUT DE CULTURA I LA FUNDACIÓ GOTEO PER AL PROJECTE DE MATCHFUNDING DE LA FABRA I COATS 2020",0.0,"15/01/2020","30/09/2020","FUNDACIÓ GOTEO"
"C20000054","INSTITUT DE CULTURA","CONVENI ENTRE L'INSTITUT DE CULTURAL I 4TICKETS, SL. PER A LA INSTAL·LACIÓ I GESTIÓ DEL SISTEMA DE TICKETING A LES TAQUILLES DEL PALAU DE LA VIRREINA",0.0,"31/01/2020","09/03/2021","4TICKETS SL"
"C20000055","INSTITUT DE CULTURA","CONVENI ENTRE L'INSTITUT DE CULTURA I EL CONSORCI DE BIBLIOTEQUES DE BARCELONA PER A L'ELABORACIÓ I IMPLEMENTACIÓ D'UN PLA DE PROMOCIÓ DE LA LECTURA PER A LA CIUTAT DE BARCELONA",0.0,"21/01/2020","31/05/2020","CONSORCI DE BIBLIOTEQUES DE BARCELONA"
"C20000056","INSTITUT DE CULTURA","CONVENI ENTRE L'INSTITUT DE CULTURA I CONCERTS ESTUDIO, SL. PER A LA INSTAL·LACIÓ I GESTIÓ DEL SISTEMA DE TICKETING ONEBOX A LES TAQUILLES DEL PALAU DE LA VIRREINA",0.0,"06/02/2020","30/04/2021","CONCERTS ESTUDIO, S.L."
"C20000057","INSTITUT DE CULTURA","CONVENI ENTRE L'INSTITUT DE CULTURA I PELAIMAS, SL. PER A LA INSTAL·LACIÓ I GESTIÓ DEL SISTEMA DE TICKETING A LES TAQUILLES DEL PALAU DE LA VIRREINA",0.0,"07/02/2020","31/03/2021","PELAIMAS, SL"
"C20000058","INSTITUT DE CULTURA","CONVENI ENTRE L'INSTITUT DE CULTURA I THE PROJECT MUSIC COMPANY, SL. PER A LA INSTAL·LACIÓ I GESTIÓ DEL SISTEMA DE TICKETING A LES TAQUILLES DEL PALAU DE LA VIRREINA",0.0,"10/02/2020","18/04/2021","THE PROJECT MUSIC COMPANY SL"
"C20000059","INSTITUT DE CULTURA","CONVENI ENTRE L'INSTITUT DE CULTURA I PRIMAVERA SOUND, SL. PER A LA INSTAL·LACIÓ I GESTIÓ DEL SEU SISTEMA DE TICKETING A LES TAQUILLES DEL PALAU DE LA VIRREINA",0.0,"21/02/2020","21/02/2021","PRIMAVERA SOUND, SL"
"C20000060","INSTITUT DE CULTURA","CONVENI ENTRE L'ICUB I L'ÀREA METROPOLITANA DE BARCELONA PER FIXAR ELS TERMES DE LA COL·LABORACIÓ EN L'ESDEVENIMENT ""DANSA QUINZENA METROPOLITANA"" EN LES EDICIONS DEL 2020 AL 2023",450000.0,"19/02/2020","31/03/2023","AREA METROPOLITANA DE BARCELONA"
"C20000061","INSTITUT DE CULTURA","CONVENI ENTRE L'INSTITUT DE CULTURA I EL TEATRE NACIONAL DE CATALUNYA PER A LA INSTAL·LACIÓ I GESTIÓ DEL SISTEMA DE TICKETING DEL TEATRE NACIONAL DE CATALUNYA A LES TAQUILLES DEL PALAU DE LA VIRREINA",0.0,"26/02/2020","18/03/2021","TEATRE NACIONAL DE CATALUNYA (TNC)"
"C20000062","INSTITUT DE CULTURA","CONVENI ENTRE L'INSTITUT DE CULTURA I BARCELONA DE SERVEIS MUNICIPALS, SA. PER A LA IDEACIÓ, PREPARACIÓ, MONITORATGE, SEGUIMENT I AVALUACIÓ DE LES VISITES ESCOLARS QUE OFEREIX BSM, L'ASSESSORAMENT PER A LA REALITZACIÓ D'ESTUDIS I RECERQUES RELACIONADES AMB EL PARK GÜELL",100106.9,"26/02/2020","31/12/2020","BARCELONA DE SERVEIS MUNICIPALS, S.A."
"C20000063","INSTITUT DE CULTURA","CONVENI ENTRE L'INSTITUT DE CULTURA I L'ESCOLA MASSANA, CENTRE D'ART I DISSENY PER A LA COL·LABORACIÓ EN L'EXPOSICIÓ ""EL TERCER ESTAT"" DE L'ARTISTA DANIEL GARCÍA ANDÚJAR, QUE S'EXPOSARÀ A LA VIRREINA CENTRE DE LA IMATGE DES DEL 14 DE MARÇ FINS AL 31 DE MAIG DE 2020",0.0,"28/02/2020","31/05/2020","ESCOLA MASSANA"
"C20000064","INSTITUT DE CULTURA","CONVENI ENTRE L'INSTITUT DE CULTURA I LA UNIVERSITAT POLITÈCNICA DE CATALUNYA PER EMMARCAR I COORDINAR L'ACTUACIÓ DEL MUHBA I VIMACLab DE LA UPC EN ACTIVITATS DE FORMACIÓ, INVESTIGACIÓ CIENTÍFICA DE DESENVOLUPAMENT TECNOLÒGIC I EN LA TRANSFERÈNCIA DE TECNOLOGIA DESENVOLUPADA PER LA UNIVERSITAT",0.0,"26/03/2020","26/03/2022","UNIVERSITAT POLITÈCNICA DE CATALUNYA"
"C20000065","INSTITUT DE CULTURA","CONVENI ENTRE L'INSTITUT DE CULTURA, EL CONSORCI DE L'AUDITORI I L'ORQUESTRA I LA FUNDACIÓ PRIVADA AMICS DEL MNAC PER ESTABLIR ELS TERMES DE COL·LABORACIÓ EN L'ORGANITZACIÓ I EL FINANÇAMENT D'UN CICLE DE VISITES EN ELS DIFERENTS ESPAIS QUE PORTA PER TÍTOL ""ART I HISTÒRIA ALS MUSEUS DE BARCELONA-MUSEUS EN FLOR",0.0,"28/02/2020","30/09/2020","FUND. PRIV. AMICS DEL MNAC"
"C20000066","INSTITUT DE CULTURA","CONVENI ENTRE L'INSTITUT DE CULTURA I L'ASSOCIACIÓ DE PROFESSIONALS DE CIRC DE CATALUNYA PER A LA GESTIÓ CÍVICA DE LA FÀBRICA DE CREACIÓ ""LA CENTRAL DEL CIRC"" AL PARC DEL FÒRUM",285370.09,"22/04/2020","31/12/2020","ASSOC. DE PROFESSIONALS DE CIRC DE CATALUNYA"
"C20000067","INSTITUT DE CULTURA","CONVENI ENTRE L'INSTITUT DE CULTURA I JULVE I JULVE, SL. PER AL FINANÇAMENT DE LES ACTIVITATS A LA FÀBRICA DE CREACIÓ ESCENARI JOAN BROSSA DURANT L'ANY 2020",161360.0,"12/05/2020","","JULVE I JULVE, SL."
"C20000068","INSTITUT DE CULTURA","CONVENI ENTRE L'INSTITUT DE CULTURA I L'ASSOCIACIÓ D'IDEES EMA PER AL FINANÇAMENT DE LES ACTIVITATS DE LA FÀBRICA DE CREACIÓ LA ESCOCESA 2019-2021",136500.0,"18/05/2020","31/03/2021","ASSOC. D'IDEES EMA"
"C20000069","INSTITUT DE CULTURA","CONVENI ENTRE L'INSTITUT DE CULTURA I LA FUNDACIÓ PRIVADA SAGRERA EMA PER AL FINANÇAMENT DE LES ACTIVITATS DE LA FÀBRICA DE CREACIÓ NAU IVANOW 2019-2021",201500.0,"25/05/2020","31/03/2021","FUNDACIÓ PRIVADA SAGRERA"
"C20000070","INSTITUT DE CULTURA","CONVENI ENTRE L'INSTITUT DE CULTURA I BARCELONA ACTIVA PER A LA GESTIÓ, PROMOCIÓ I DESENVOLUPAMENT D'ACTIVITATS DEL DISSENY HUB BARCELONA",0.0,"08/05/2020","08/05/2024","BARCELONA ACTIVA, S.A. SPM"
"C20000071","INSTITUT DE CULTURA","CONVENI ENTRE L'INSTITUT DE CULTURA I L'ASSOCIACIÓ PER A L'ESTUDI DEL MOBLE",18200.0,"20/05/2020","31/12/2020","ASSOC. PER A L'ESTUDI DEL MOBLE"
"C20000072","INSTITUT DE CULTURA","CONVENI ENTRE L'INSTITUT DE CULTURA I LA FUNDACIÓ SALA BECKETT OBRADOR INTERNACIONAL DE DRAMATÚRGIA PER AL FINANÇAMENT DE LES ACTIVITATS A LA FÀBRICA DE CREACIÓ SALA BECKETT DELS ANYS 2019-2021",524100.0,"25/05/2020","31/03/2021","FUNDACIÓ SALA BECKETT OBRADOR INTERN. DE DRAMATÚRGIA"
"C20000073","INSTITUT DE CULTURA","CONVENI ENTRE L'INSTITUT DE CULTURA I EL CONSORCI DE BIBLIOTEQUES DE BARCELONA PER A LA IMPLANTACIÓ DEL PLA DE PROMOCIÓ DE LA LECTURA PER A LA CIUTAT DE BARCELONA",33712.95,"30/05/2020","31/12/2020","CONSORCI DE BIBLIOTEQUES DE BARCELONA"
"C20000074","INSTITUT DE CULTURA","CONVENI ENTRE L'INSTITUT DE CULTURA I LA CONFEDERACIÓ SARDANISTA DE CATALUNYA PER A LA PROMOCIÓ DE LA SARDANA A LA CIUTAT DE BARCELONA",92000.0,"29/05/2020","31/03/2021","CONFEDERACIÓ SARDANISTA DE CATALUNYA"
"C20000075","INSTITUT DE CULTURA","CONVENI ENTRE L'INSTITUT DE CULTURA I BARCELONA EVENTS MUSICALS, SL. PER A LA INSTAL·LACIÓ I GESTIÓ DEL SISTEMA DE TICKETING DEL FESTIVAL CRUÏLLA A LES TAQUILLES DEL PALAU DE LA VIRREINA",0.0,"29/05/2020","29/05/2024","BARCELONA EVENTS MUSICALS, SL"
"C20000076","INSTITUT DE CULTURA","CONVENI ENTRE L'INSTITUT DE CULTURA I EL CONSORCI DEL MUSEU DE CIÈNCIES NATURALS DE BARCELONA PER ADHERIR-SE AL PROJECTE QUADERN CULTURA",0.0,"28/05/2020","28/05/2024","CONSORCI MUSEU CIENCIES NATURALS BCN"
"C20000077","INSTITUT DE CULTURA","CONVENI ENTRE L'INSTITUT DE CULTURA I L'ASSOCIACIÓ CULTURAL PER AL DESENVOLUPAMENT D'ACTIVITATS COREOGRÀFIQUES PER AL FINANÇAMENT DE LES ACTIVITATS CULTURALS DE LA FÀBRICA DE CREACIÓ LA CALDERA 2020",243030.0,"15/06/2020","31/03/2021","ASSOC. CULTURAL DESENV. ACT. COREOGRÀFIQUES ACDAC-LA CALDERA"
"C20000078","INSTITUT DE CULTURA","CONVENI ENTRE L'INSTITUT DE CULTURA I LA FEDERACIÓ D'ENTITATS DE CULTURA POPULAR I TRADICIONAL DE BARCELONA VELLA I LA CASA DELS ENTREMESOS",37900.0,"16/06/2020","31/03/2021","FED. ENT CULTURA POPULAR CASA ENTREMESOS"
"C20000079","INSTITUT DE CULTURA","CONVENI ENTRE L'INSTITUT DE CULTURA I L'ASSOCIACIÓ CULTURAL PER A LA TRADICIÓ MUSICAL TRAM PER A LA COOPERACIÓ EN L'EQUIPAMENT ESPECIALITZAT EN MÚSICA TRADICIONAL CENTRE L'ARTESÀ-TRADICIONÀRIUS; TRAVESSIA DE SANT ANTONI, 6-8",51500.0,"26/06/2020","31/03/2021","ASSOC. CULTURAL TRADICIO MUSICAL TRAM"
"C20000080","INSTITUT DE CULTURA","CONVENI ENTRE L'INSTITUT DE CULTURA I EL MERCAT DE LES FLORS PER AL PROJECTE QUADERN CULTURA",0.0,"18/06/2020","09/10/2021","CONSORCI MERCAT DE LES FLORS"
"C20000081","INSTITUT DE CULTURA","CONVENI ENTRE L'INSTITUT DE CULTURA I EL TEATRE TANTARANTANA, SL. PER AL FINANÇAMENT DE LES ACTIVITATS CULTURALS DE LA FÀBRICA DE CREACIÓ TANTARANTANA DE L'ANY 2020",193492.0,"18/06/2020","31/03/2021","TANTARANTANA TEATRE, SL."
"C20000082","INSTITUT DE CULTURA","CONVENI ENTRE L'INSTITUT DE CULTURA I EL CONSORCI DE L'AUDITORI I L'ORQUESTRA PER A LA INSTAL·LACIÓ I GESTIÓ DEL SISTEMA DE TICKETING DE L'AUDITORI A LES TAQUILLES DEL PALAU DE LA VIRREINA",0.0,"04/05/2020","31/07/2021","CONSORCI AUDITORI I ORQUESTRA"
"C20000083","INSTITUT DE CULTURA","CONVENI ENTRE L'INSTITUT DE CULTURA I LA FUNDACIÓ ORFEÓ CATALÀ - PALAU DE LA MÚSICA CATALANA PER A LA INSTAL·LACIÓ I GESTIÓ DEL SISTEMA DE TICKETING",0.0,"07/07/2020","31/07/2021","ORFEO CATALA"
"C20000084","PATRIMONI","CONVENI ENTRE L'AJUNTAMENT DE BARCELONA I LA SOCIETAT MARINA PORT FÒRUM, SL. PER A LA MODIFICACIÓ DEL CONTRACTE DE CESSIÓ D'ÚS DE LA CONCESSIÓ DEL PORT FÒRUM DE SANT ADRIÀ DE BESÒS",0.0,"23/07/2020","","MARINA PORT FÒRUM, SL."
"C20000085","DISTRICTE DE ST. ANDREU","CONVENI ENTRE EL DISTRICTE DE SANT ANDREU I LA SENYORA ÀNGELA MAJÓ RAIS RELATIU A LA DONACIÓ DE LA COL·LECCIÓ ""ÀNGELA MAJÓ""",0.0,"16/07/2020","","ÀNGELA MAJÓ"
"C20000086","GERENCIA DRETS SOCIALS","CONVENI ENTRE L'AJUNTAMENT DE BARCELONA I L'INSTITUT D'ESTUDIS REGIONALS I METROPOLITANS DE BARCELONA PER AL PERÍODE 2019-2020",0.0,"22/07/2020","","CONSORCI INST.ESTUDIS REGIONALS I METROP"
"C20000087","PRESIDÈNCIA I ECONOMIA","CONVENI ENTRE L'AJUNTAMENT DE BARCELONA, LA GENERALITAT DE CATALUNYA I EL FUTBOL CLUB BARCELONA PER A LA PROMOCIÓ ECONÒMICA INTERNACIONAL CONJUNTA",0.0,"30/07/2020","30/07/2022","GENERALITAT DE CATALUNYA; FUTBOL CLUB BARCELONA"
"C20000088","PROMOCIO ECONOMICA","CONVENI ENTRE L'AJUNTAMENT DE BARCELONA I L'ASSOCIACIÓ DE SALES DE CONCERTS DE CATALUNYA, L'ASSOCIACIÓ D'EMPRESES DE TEATRE DE CATALUNYA, EL GREMI DE CINEMES DE CATALUNYA, EL GREMI DE LLIBRETERS DE CATALUNYA, LA CAMBRA DEL LLIBRE DE CATALUNYA I EL CLUB CATALÀ DE CULTURA, SL. PER A LA REALITZACIÓ DEL PROJECTE ""BONUS CULTURA""",2000000.0,"17/07/2020","31/12/2020","ASSOC. D'EMPRESES DE TEATRE DE CATALUNYA - ADETCA; ASSOCIACIÓ DE SALES DE CONCERTS DE CATALUNYA; GREMI D'EDITORS DE CATALUNYA/CAMBRA DEL LLIBRE DE CATALUNYA; GREMI DE LLIBRETERS DE CATALUNYA; GREMI EMPRESARIS CINEMES CATALUNYA; CLUB CATALA DE CULTURA SL"
"C20000089","PROMOCIO ECONOMICA","CONVENI ENTRE L'AJUNTAMENT DE BARCELONA I BARCELONA GLOBAL PER AL DESENVOLUPAMENT DE BARCELONA & PARTNERS, AGÈNCIA D'ATRACCIÓ D'INVERSIONS A BARCELONA",0.0,"08/09/2020","","ASSOC. BARCELONA GLOBAL"
"C20000090","DIREC. SERV. JURÍDICS I PROMOC. RECURSOS HUMANS","PRÒRROGA DEL CONVENI MARC ENTRE L'AJUNTAMENT DE BARCELONA I LA UNIVERSITAT OBERTA DE CATALUNYA",0.0,"15/09/2020","30/09/2021","UNIVERSITAT OBERTA DE CATALUNYA"
"C20000091","DIREC. SERV. JURÍDICS I PROMOC. RECURSOS HUMANS","PRÒRROGA DEL CONVENI MARC ENTRE L'AJUNTAMENT DE BARCELONA I LA FUNDACIÓ INSTITUT D'EDUCACIÓ CONTÍNUA",0.0,"15/09/2020","07/07/2021","INSTITUT D'EDUCACIÓ CONTINUA (IDEC)"
"C20000092","BARCELONA INFRAESTRUCTURES MUNICIPALS SA (BIMSA)","CONVENI ENTRE BIMSA I E-DISTRIBUCIÓN PROJECTE EXECUTIU CONSTRUCCIÓ COBERTA I GRADES PISTA ESPORTIVA I AMPLIACIÓ DE VESTUARIS AL CEM GUINEUETA AL DISTRICTE DE NOU BARRIS",0.0,"27/07/2020","","EDISTRIBUCIÓN REDES DIGITALES, SL."
"C20000093","GERENCIA DRETS SOCIALS","CONVENI ENTRE L'AJUNTAMENT DE BARCELONA I LA PLATAFORMA D'ENTITATS LGTBI DE CATALUNYA, PER A LA GESTIÓ INDIRECTA DEL CENTRE LGTBI DE BARCELONA",942866.13,"05/06/2020","31/05/2022","FEDERACIÓ PLATAFORMA ENTITATS LGTBI DE CATALUNYA"
"C20000094","GERENCIA DRETS SOCIALS","CONVENI ENTRE L'AJUNTAMENT DE BARCELONA I PENSIUM SL. PER AL DESENVOLUPAMENT DEL PROJECTE ""PENSIÓ IMMOBILIÀRIA""",0.0,"29/06/2020","31/05/2021","PENSIUM, SL."
"C20000095","DISTRICTE DE NOU BARRIS","CONVENI ENTRE EL DISTRICTE DE NOU BARRIS I LA FUNDACIÓ PRIVADA CENTRE CIM",184219.3,"30/06/2020","30/06/2021","FUNDACIÓ PRIVADA CENTRE CIM"
"C20000096","ECOLOGIA URBANISME MOBILITAT","CONVENI ENTRE L'AJUNTAMENT DE BARCELONA, EL SERVEI CATALÀ DE LA SALUT, EL CONSORCI SANITARI DE BARCELONA PER L'OCUPACIÓ DEL PAVELLÓ DE LA VALL D'HEBRON COM A PAV-SALUT",0.0,"14/09/2020","31/12/2020","SERVEI CATALA DE LA SALUT; CONSORCI SANITARI DE BARCELONA"
"C20000097","PROMOCIO ECONOMICA","CONVENI ENTRE L'AJUNTAMENT DE BARCELONA I LA UNIVERSITAT POMPEU FABRA PER A LA COL·LABORACIÓ EN EL PROJECTE ""UNA NOVA ETAPA PER AL DIARI DE BARCELONA""",60000.0,"29/09/2020","31/03/2021","UNIVERSITAT POMPEU FABRA"
"C20000098","DISTRICTE DE LES CORTS","CONVENI ENTRE EL DISTRICTE DE LES CORTS, L'INSTITUT MUNICIPAL DE PERSONES AMB DISCAPACITAT I LA FEDERACIÓ PLATAFORMA DE PERSONES AMB DISCAPACITAT DE LES CORTS I COORDINADORA PRO-PERSONES AMB DISCAPACITAT DE LES CORTS PER AL DESENVOLUPAMENT DEL PROJECTE PILOT DE PIS DE TRANSICIÓ A LA VIDA INDEPENDENT PER A PERSONES AMB DISCAPACITAT INTEL·LECTUAL",0.0,"04/05/2020","","IM PERSONES AMB DISCAPACITAT; FED. CAT. PRO PERSONES AMB DISCAPACITAT INTEL·LECTUAL; COORDINADORA PRO-PERSONES AMB DISCAPACITAT DE LES CORTS"
"C20000099","ECOLOGIA URBANISME MOBILITAT","CONVENI URBANÍSTIC ENTRE L'AJUNTAMENT DE BARCELONA I LES RESIDÈNCIES D'ESTUDIANTS A IMPLANTAR A L'AVINGUDA DEL PARAL·LEL, 25-37 I CARRER DE LA RIERA BLANCA, 149 DE BARCELONA",0.0,"31/07/2020","","ALBA SPANISH PROPCO 1 I 3, SLU"
"C20000100","IM PARCS I JARDINS","CONVENI ENTRE L'INSTITUT MUNICIPAL DE PARCS I JARDINS I L'ASSOCIACIÓ D'AMICS DEL CENTRE DE FORMACIÓ DEL LABERINT PER AL FOMENT I LA DIVULGACIÓ DE LA JARDINERIA",0.0,"15/07/2020","15/07/2024","ASSOCIACIÓ AMICS DEL CENTRE DE FORMACIÓ DEL LABERINT"
"C20000101","INST.PAISATGE URBA I QV","CONVENI ENTRE L'IMPUIQV I EL CONSORCI DE L'HABITATGE DE BARCELONA PER A LA GESTIÓ DELS PROGRAMES DE REHABILITACIÓ A BARCELONA PER AL 2020",0.0,"13/02/2020","","CONSORCI D'HABITATGE DE BARCELONA"
"C20000102","SERVEIS GENERALS","CONVENI ENTRE L'AJUNTAMENT DE BARCELONA I EL CONSORCI L'AUDITORI I L'ORQUESTRA PER A LA UTILITZACIÓ DE L'APLICACIÓ DE REGISTRE DE DOCUMENTS UTILITZAT PER L'AJUNTAMENT",0.0,"05/10/2020","","CONSORCI AUDITORI I ORQUESTRA"
"C20000103","GERENCIA DRETS SOCIALS","CONVENI ENTRE L'AJUNTAMENT DE BARCELONA I LA UNIVERSITAT OBERTA DE CATALUNYA PER AL DESENVOLUPAMENT DEL PROJECTE ""FOMENT DE LA RECERCA PARTICIPATIVA I DE LA INNOVACIÓ DIGITAL I DEMOCRÀTICA A TRAVÉS DE LABORATORIS CIUTADANS",150000.0,"31/07/2020","","UNIVERSITAT OBERTA DE CATALUNYA"
"C20000104","SERVEIS GENERALS","CONVENI ENTRE L'AJUNTAMENT DE BARCELONA, EL CONSORCI DE LA ZONA FRANCA I LA SOCIEDAD ESTATAL CORREOS Y TELÉGRAFOS, SA. S.M.E.",0.0,"07/10/2020","07/10/2022","SOCIEDAD ESTATAL DE CORREOS Y TELEGRAFOS SA; CONSORCI DE LA ZONA FRANCA"
"C20000105","ECOLOGIA URBANISME MOBILITAT","PROTOCOL ENTRE L'AJUNTAMENT DE BARCELONA I EL MINISTERI DE TRANSPORTS, MOBILITAT I AGENDA URBANA PER FOMENTAR LA PROMOCIÓ D'HABITATGES DESTINATS A LLOGUER ASSEQUIBLE O SOCIAL (PLA 20.000) A BARCELONA",0.0,"08/10/2020","","MINISTERI DE TRANSPORTS, MOBILITAT I AGENDA URBANA"
"C20000106","SERVEIS GENERALS","CONVENI ENTRE L'AJUNTAMENT DE BARCELONA I EL CONSELL D'ASSOCIACIONS DE BARCELONA PER A LA GESTIÓ DE L'ESPAI TORRE JUSSANA I DE L'ADDENDA PER AL DESENVOLUPAMENT DEL PROJECTE PILOT DE L'OFICINA DE GESTIÓ DEL PATRIMONI CIUTADÀ",442144.0,"17/09/2020","16/11/2020","CONSELL D'ASSOCIACIONS DE BARCELONA"
"C20000107","SERVEIS GENERALS","CONVENI ENTRE L'AJUNTAMENT DE BARCELONA I BARCELONA SUPERCOMPUTING CENTER - CENTRO NACIONAL DE SUPERCOMPUTACIÓN",0.0,"21/07/2020","21/07/2022","BARCELONA SUPERCOMPUTING CENTER"
"C20000108","SERVEIS GENERALS","ADDENDA AL CONVENI ENTRE L'AJUNTAMENT DE BARCELONA I EL CONSELL D'ASSOCIACIONS DE BARCELONA PER AL DESENVOLUPAMENT DEL PROJECTE CASALS COMUNITARIS DE SOLIDARITAT",109000.0,"31/08/2020","28/02/2021","CONSELL D'ASSOCIACIONS DE BARCELONA"
"C20000109","SERVEIS GENERALS","PACTE PER A UNA NOVA MOBILITAT LABORAL A BARCELONA",0.0,"05/10/2020","","FOMENT DEL TREBALL NACIONAL; PIMEC-SEFES; COMISSIONS OBRERES DE CATALUNYA; UNIO GENERAL DE TREBALLADORS CATALUNYA"
"C20000110","DISTRICTE D'HORTA-GUINARDO","CONVENI ENTRE EL DISTRICTE D'HORTA-GUINARDÓ I SANT GENÍS PENITENTS CLUB ESPORTIU PER A LA GESTIÓ CÍVICA DEL CAMP DE FUTBOL DE SANT GENÍS",0.0,"31/08/2020","31/08/2021","SANT GENÍS PENITENTS CLUB ESPORTIU"
"C20000111","DISTRICTE DE SANTS-MONTJUÏC","CONVENI ENTRE EL DISTRICTE DE SANTS-MONTJUÏC I LA UNIÓ D'ENTITATS LA MARINA PER A LA GESTIÓ DE L'EQUIPAMENT DEL CENTRE CÍVIC LA CADENA",0.0,"23/09/2020","31/12/2022","UNIO ENTITATS LA MARINA"
"C20000112","DISTRICTE DE SANT MARTI","CONTRACTE DE COMODAT ENTRE EL DISTRICTE DE SANT MARTÍ I EL SENYOR ANDREU MITJANS JURNET REFERENT AL QUADRE ""OBRERES DE CAN SALADRIGAS""",0.0,"20/01/2020","20/01/2025","ANDREU MITJANS JURNET"
"C20000113","PROMOCIO ECONOMICA","CONVENI ENTRE L'AJUNTAMENT DE BARCELONA, MITJANÇANT BARCELONA ACTIVA, SAU, SPM I LA GENERALITAT DE CATALUNYA, MITJANÇANT EL SERVEI PÚBLIC D'OCUPACIÓ DE CATALUNYA, (SOC) PER L'ASSOLIMENT D'UN MODEL INTEGRAL DE POLÍTIQUES ACTIVES D'OCUPACIÓ A LA CIUTAT DE BARCELONA",0.0,"20/10/2020","20/10/2022","GENERALITAT DE CATALUNYA"
"C20000114","PATRIMONI","CONVENI ENTRE L'AJUNTAMENT DE BARCELONA I LA FUNDACIÓ PERE RELATS PER A UNA PERMUTA DE PROPIETATS A LA CIUTAT DE BARCELONA",0.0,"21/10/2020","","FUNDACIÓ PRIVADA PERE RELATS"
"C20000115","SERVEIS GENERALS","CONVENI ENTRE L'AJUNTAMENT DE BARCELONA I LA FEDERACIÓ CATALANA DE VOLUNTARIAT SOCIAL PER AL DESENVOLUPAMENT DEL PROJECTE ""PLA D'ENFORTIMENT XARXA TERRITORIAL DE LA FCVS A BARCELONA L'ANY 2020",0.0,"07/10/2020","31/12/2020","FED. CATALANA VOLUNTARIAT SOCIAL"
"C20000116","SERVEIS GENERALS","CONVENI ENTRE L'AJUNTAMENT DE BARCELONA I EL CONSELL D'ASSOCIACIONS DE BARCELONA PER AL DESENVOLUPAMENT DEL PROJECTE ""ÉS EL MOMENT DE SUMAR""",0.0,"13/10/2020","31/12/2020","CONSELL D'ASSOCIACIONS DE BARCELONA"
"C20000117","PROMOCIO ECONOMICA","CONVENI ENTRE L'AJUNTAMENT DE BARCELONA, LA FUNDACIÓ BARCELONA COMERÇ, BARCELONA OBERTA, COMERTIA, PIMEC-COMERÇ, FOMENT DEL TREBALL-COMERÇ, GREMI DE RESTAURACIÓ DE BARCELONA, CONSELL DE GREMIS I APESAFH PER CONTRIBUIR A FACILITAR I DISTRIBUIR MATERIAL DE PROTECCIÓ PER AL SECTOR COMERCIAL, DE SERVEIS I DE LA RESTAURACIÓ DE LA CIUTAT DE BARCELONA",0.0,"15/05/2020","15/05/2024","FUNDACIÓ BARCELONA COMERÇ; PIMEC-SEFES; EMPRESA FAMILIAR RETAIL-COMERTIA; GREMI DE RESTAURACIO; CONSELL DE GREMIS; APESAFH"
"C20000118","PATRIMONI","CONVENI ENTRE L'AJUNTAMENT DE BARCELONA I LA SOCIETAT SUNBORN OY RELATIU A LA FINALITZACIÓ DEL CONTRACTE D'AMARRATGE D'UN VAIXELL-HOTEL AL PORT ESPORTIU DE SANT ADRIÀ DEL BESÒS",0.0,"20/07/2020","","RITVA NIEMI"
"C20000119","DISTRICTE D'HORTA-GUINARDO","CONVENI ENTRE EL DISTRICTE D'HORTA-GUINARDÓ I L'ASSOCIACIÓ CASAL FONT D'EN FARGUES PER A LA GESTIÓ CÍVICA DE L'EQUIPAMENT MUNICIPAL CASAL FONT D'EN FARGUES DEL CARRER PEDRELL, 67-69",179604.2,"02/10/2020","","CASAL FONT D'EN FARGUES"
"C20000120","INSTITUT DE CULTURA","CONVENI ENTRE L'ICUB I L'INSTITUT DEL TEATRE DE BARCELONA PER A L'EXHIBICIÓ DEL PROJECTE GUANYADOR DEL PREMI ADRIÀ GUAL 2020",0.0,"30/06/2020","31/12/2021","INSTITUT DEL TEATRE"
"C20000121","INSTITUT DE CULTURA","CONVENI ENTRE L'ICUB I LA BIBLIOTECA PÚBLICA ARÚS",0.0,"07/07/2020","15/07/2021","BIBLIOTECA PÚBLICA ARÚS"
"C20000122","INSTITUT DE CULTURA","CONVENI ENTRE L'ICUB I EL MUSEU NACIONAL D'ART DE CATALUNYA DE BARCELONAPER A LA PRESENTACIÓ D'UN ESPECTACLE DE DANSA (SONOMA)  EN EL MARC DE LA CELEBRACIÓ DEL GREC 2020 FESTIVAL DE BARCELONA",0.0,"09/07/2020","31/10/2020","MUSEU NACIONAL D'ART DE CATALUNYA-MNAC"
"C20000123","INSTITUT DE CULTURA","PRÒRROGA DEL CONVENI ENTRE L'ICUB I EL CONSORCI DEL CENTRE DE CULTURA CONTEMPORÀNIA DE BARCELONA",0.0,"15/05/2020","14/05/2021","CENTRE CULTURA CONTEMPORÀNIA DE BARCELONA"
"C20000124","INSTITUT DE CULTURA","CONVENI ENTRE L'ICUB I L'ASSOCIACIÓ BIDÓ DE NOU BARRIS PER AL FINANÇAMENT DE LES ACTIVITATS A L'ATENEU POPULAR 9 BARRIS PER AL FINANÇAMENT DE LES ACTIVITATS DE L'ANY 2020",103000.0,"21/07/2020","31/03/2021","BIDO DE NOU BARRIS"
"C20000125","INSTITUT DE CULTURA","ADDENDA AL CONVENI ENTRE L'ICUB I LA FUNDACIÓ PRIVADA DE L'ASSOCIACIÓ D'ARTISTES VISUALS DE CATALUNYA PER AL FINANÇAMENT DE LES ACTIVITATS DE LA FÀBRICA DE CREACIÓ HANGAR 2019-2021 PER AL FINANÇAMENT DE LES ACTIVITATS DE L'ANY 2020",267820.19,"21/07/2020","31/03/2021","FUND PRIVADA ASSOC. ARTISTES VISUALS CATALUNYA"
"C20000126","INSTITUT DE CULTURA","CONVENI ENTRE L'ICUB I LA FUNDACIÓ MUSEU PICASSO DE BARCELONA PER A LA GESTIÓ DEL SISTEMA DE TICKETING A LES TAQUILLES DEL PALAU DE LA VIRREINA",0.0,"23/07/2020","23/07/2024","FUNDACIÓ PICASSO-REVENTOS"
"C20000127","INSTITUT DE CULTURA","CONVENI ENTRE L'ICUB I EL TEATRE NACIONAL DE CATALUNYA, SA. PER A LA CESSIÓ D'ESPAIS DEL TNC PER A LA PROGRAMACIÓ DEL GREC 2020 FESTIVAL DE BARCELONA",0.0,"23/07/2020","31/10/2020","TEATRE NACIONAL DE CATALUNYA (TNC)"
"C20000128","INSTITUT DE CULTURA","CONVENI ENTRE L'ICUB I L'ASSOCIACIÓ EXPANSIÓ DE LA XARXA OBERTA PER AL FINANÇAMENT DE LES ACTIVITATS DE LA XARXA DE RÀDIOS COMUNITÀRIES DE BARCELONA EXERCICI 2020",42378.35,"21/07/2020","31/12/2020","FUNDACIÓ PRIVADA PER LA XARXA OBERTA LLIURE I NEUTRAL GUIFI.NET"
"C20000129","INSTITUT DE CULTURA","CONVENI ENTRE L'ICUB I LA FUNDACIÓ MUSEU PICASSO DE BARCELONA PER ADHERIR-SE AL PROJECTE QUADERN CULTURA",0.0,"23/07/2020","23/07/2024","FUNDACIÓ PICASSO-REVENTOS"
"C20000130","SERVEIS GENERALS","CONVENI ENTRE L'AJUNTAMENT DE BARCELONA I L'ENTITAT L'OLIVERA, SCCL PER AL DESENVOLUPAMENT DEL PROJECTE ""VINYES COMPARTIDES I COMPROMESES"" A LA FINCA DE CAN CALOPA DE DALT",0.0,"30/06/2020","30/06/2024","L'OLIVERA, SCCL"
"C20000131","INSTITUT DE CULTURA","CONVENI ENTRE L'ICUB I EL CONSORCI DEL CENTRE DE CULTURA CONTEMPORÀNIA DE BARCELONA PER A LA PRESENTACIÓ DE DOS ESPECTACLES EN EL MARC DE LA CELEBRACIÓ DEL GREC 2020 FESTIVAL DE BARCELONA",0.0,"24/07/2020","31/10/2020","CENTRE CULTURA CONTEMPORÀNIA DE BARCELONA"
"C20000132","INSTITUT DE CULTURA","ADDENDA AL CONVENI ENTRE L'ICUB I LA FUNDACIÓ GOTEO PER AL PROJECTE DE MATCHFUNDING DE LA FABRA I COATS 2020",0.0,"21/07/2020","31/12/2020","FUNDACIÓ GOTEO"
"C20000133","INSTITUT DE CULTURA","CONVENI ENTRE L'ICUB I PENÍNSULA CORPORATE INNOVATION, SL. PER A L'EXECUCIÓ DE LA CINQUENA EDICIÓ DEL PROGRAMA D'INCUBACIÓ GAMEBCN 2019-2020",50000.0,"31/07/2020","31/07/2020","PENÍNSULA CORPORATE INNOVATION, SL."
"C20000134","INSTITUT DE CULTURA","CONVENI ENTRE L'ICUB I L'INSTITUT DEL TEATRE PER A LA CONCESSIÓ DEL PREMI DE DANSA 2020",0.0,"23/07/2020","","INSTITUT DEL TEATRE"
"C20000135","INSTITUT DE CULTURA","ADDENDA AL CONVENI ENTRE L'ICUB I LA FUNDACIÓ SOLIDARITAT DE LA UNIVERSITAT DE BARCELONA PER AL DESENVOLUPAMENT COMÚ DE PROJECTES EN L'ÀMBIT DELA MEMÒRIA DEMOCRÀTICA DE BARCELONA ""MEMÒRIA BARCELONA""",60000.0,"31/07/2020","","FUNDACIÓ SOLIDARITAT UB"
"C20000136","INSTITUT DE CULTURA","PRÒRROGA AL CONVENI ENTRE L'ICUB I LA FUNDACIÓ GRAN TEATRE DEL LICEU RELATIU AL PROJECTE QUADERN CULTURA",0.0,"28/09/2020","15/10/2021","FUNDACIÓ GRAN TEATRE DEL LICEU"
"C20000137","INSTITUT DE CULTURA","CONVENI ENTRE L'ICUB I LA FUNDACIÓ JOAN MIRÓ CENTRE D'ESTUDIS D'ART CONTEMPORANI PER A LA INSTAL·LACIÓ I GESTIÓ DEL SISTEMA DE TICKETING FUNDACIÓ JOAN MIRÓ A L'OFICINA CIUTADANA DE LA CULTURA DEL PALAU DE LA VIRREINA",0.0,"17/09/2020","","FUNDACIÓ JOAN MIRO"
"C20000138","INSTITUT DE CULTURA","CONVENI ENTRE L'ICUB I EL CONSORCI MUSEU D'ART CONTEMPORANI DE BARCELONA PER ADHERIR-SE AL PROJECTE QUADERN CULTURA",0.0,"13/08/2020","13/08/2024","MUSEU D'ART CONTEMPORANI DE BARCELONA (MACBA)"
"C20000139","INSTITUT DE CULTURA","ANNEX AL CONVENI ENTRE L'ICUB I LA FUNDACIÓ TEATRE LLIURE-TEATRE PÚBLIC DE BARCELONA PER A LA REALITZACIÓ AL TEATRE LLIURE DE SIS ESPECTACLES DURANT EL GREC 2020 FESTIVAL DE BARCELONA",61492.1,"10/08/2020","","FUNDACIÓ TEATRE LLIURE"
"C20000140","INSTITUT DE CULTURA","ACORD INTRAMUNICIPAL ENTRE L'ICUB I BARCELONA ACTIVA, SAU SPM PER AL DESENVOLUPAMENT DEL PROJECTE CASA D'OFICIS DE L'ESPECTACLE EN VIU",0.0,"15/07/2020","29/12/2020","BARCELONA ACTIVA, S.A. SPM"
"C20000141","INSTITUT DE CULTURA","CONVENI ENTRE L'AJUNTAMENT I EL CONSORCI MUSEU D'ART CONTEMPORANI DE BARCELONA EN EL MARC DE LA CELEBRACIÓ DEL GREC EN OBERT AL MACBA",0.0,"15/07/2020","30/10/2020","MUSEU D'ART CONTEMPORANI DE BARCELONA (MACBA)"
"C20000142","INSTITUT DE CULTURA","CONVENI ENTRE L'ICUB I L'ESCOLA MASSANA, CENTRE D'ART I DISSENY PER A LA RESIDÈNCIA ARTÍSTICA I EL DESENVOLUPAMENT D'ACTIVITATS A LA FABRA I COATS-FÀBRICA DE CREACIÓ",0.0,"23/07/2020","23/07/2021","ESCOLA MASSANA"
"C20000143","INSTITUT DE CULTURA","CONVENI ENTRE L'ICUB-ARXIU HISTÒRIC DE LA CIUTAT DE BARCELONA I LA BIBLIOTECA DE CATALUNYA PER AL PORTAL ARCA (ARXIU DE REVISTES CATALANES ANTIGUES)",0.0,"08/06/2020","08/06/2024","BIBLIOTECA DE CATALUNYA"
"C20000144","INSTITUT DE CULTURA","CONVENI ENTRE L'ICUB I INFORMACIÓ I COMUNICACIÓ DE BARCELONA SA. SPM",0.0,"23/06/2020","23/06/2021","SPM INFORMACIO I COMUNICACIO DE BCN"
"C20000145","INSTITUT DE CULTURA","CONVENI ENTRE L'ICUB I L'ASSOCIACIÓ D'EDITORS EN LLENGUA CATALANA PER AL FINANÇAMENT DE LA 38A EDICIÓ DE LA SETMANA DEL LLIBRE EN CATALÀ",102500.0,"08/09/2020","31/12/2020","ASSOC. D'EDITORS EN LLENGUA CATALANA"
"C20000146","INSTITUT DE CULTURA","CONVENI ENTRE L'ICUB I L'AMICAL DE MAUTHAUSEN I ALTRES CAMPS I TOTES LES VÍCTIMES DEL NAZISME D'ESPANYA AMB MOTIU DEL 75È ANIVERSARI DE L'ALLIBERAMENT DELS CAMPS NAZIS",10000.0,"01/09/2020","31/12/2021","L'AMICAL DE MAUTHAUSEN"
"C20000147","INSTITUT DE CULTURA","CONVENI ENTRE L'ICUB I L'AGÈNCIA CATALANA DEL PATRIMONI CULTURAL PER ADHERIR-SE AL PROJECTE QUADERN CULTURA",0.0,"13/08/2020","13/08/2024","AGÈNCIA CATALANA DE PATRIMONI CULTURAL"
"C20000148","INSTITUT DE CULTURA","CONVENI ENTRE L'ICUB I LA SOCIEDAD ESPAÑOLA DE RADIODIFUSIÓN, SL PER A L'ORGANITZACIÓ D'UN CONCERT EL 27 DE SETEMBRE DINS DE LA PROGRAMACIÓ DE LES FESTES DE LA MERCÈ'20",0.0,"18/09/2020","","SOCIEDAD ESPAÑOLA DE RADIODIFUSION, S.A."
"C20000149","INSTITUT DE CULTURA","CONVENI ENTRE L'ICUB I LA COOPERATIVA LA FUNDICIÓ PER AL FINANÇAMENT DE LES ACTIVITATS DE LA XARXA DE COMUNITATS DE MEMÒRIA 2020",65880.0,"18/09/2020","","COOPERATIVA LA FUNDICIÓ"
"C20000150","INSTITUT DE CULTURA","CONVENI REGULADOR  ENTRE L'ICUB I BARCELONA DE SERVEIS MUNICIPALS, SA PER A LA CESSIÓ DE BICICLETES EN EL MARC DE LA CELEBRACIÓ DE LES FESTES DE LA MERCÈ 2020",0.0,"14/09/2020","05/10/2020","BARCELONA DE SERVEIS MUNICIPALS, S.A."
"C20000151","INSTITUT DE CULTURA","CONVENI ENTRE L'ICUB I RADIO POPULAR, SA. CADENA DE ONDAS POPULARES ESPAÑOLAS PER A LA REALITZACIÓ DEL CONCERT DEL DIA 20 DE SETEMBRE DINS DE LA PROGRAMACIÓ DE LES FESTES DE LA MERCÈ 2020",0.0,"22/09/2020","30/09/2020","CADENA COPE"
"C20000152","INSTITUT DE CULTURA","CONVENI ENTRE L'ICUB I LES ENTITATS TELEDUCA, EL PARLANTE, CÀMERES I ACCIÓ, UBUTV, FORA DE QUADRE I QUEPO PER AL FINANÇAMENT DE LES ACTIVITATS DE LA VEÏNAL, UNA TELEVISIÓ COMUNITÀRIA I PARTICIPATIVA DE BARCELONA, EXERCICI 2020",67000.0,"23/09/2020","31/12/2020","TELEDUCA; EL PARLANTE; ASSOCIACIÓ CÀMERES I ACCIÓ; ASSOCIACIÓ UBU TV; ASSOCIACIÓ FORA DE QUADRE; COOPERATIVA QUEPO, SCCL"
"C20000153","INSTITUT DE CULTURA","CONVENI ENTRE L'ICUB I LA FUNDACIÓ PRIVADA PAU CASALS PER AL FINANÇAMENT DE LES ACTIVITATS CULTURALS I ARTÍSTIQUES DE LA FUNDACIÓ",35000.0,"07/10/2020","31/12/2020","FUNDACIÓ PAU CASALS"
"C20000154","INSTITUT DE CULTURA","ACORD D'ADHESIÓ ENTRE L'ICUB I EL CONSORCI DE L'AUDITORI I L'ORQUESTRA PER AL PROGRAMA APROPA CULTURA: ADDENDA ECONÒMICA PER A L'ANY 2020",30562.0,"28/09/2020","21/10/2020","CONSORCI AUDITORI I ORQUESTRA"
"C20000155","DISTRICTE DE LES CORTS","CONVENI ENTRE EL DISTRICTE DE LES CORTS I LA DEMARCACIÓ DE BARCELONA DEL COL·LEGI D'ARQUITECTES DE CATALUNYA",0.0,"06/06/2020","06/06/2023","COL·LEGI D'ARQUITECTES DE CATALUNYA"
"C20000156","DIREC. SERV. JURÍDICS I PROMOC. RECURSOS HUMANS","CONVENI ENTRE L'AJUNTAMENT DE BARCELONA I LA FUNDACIÓ UNIVERSITAT I TECNOLOGIA LA SALLE (FUNITEC)",0.0,"03/11/2020","","FUND. UNIVERSITAT I TECNOLOGIA LA SALLE (FUNITEC)"
"C20000157","AJUNTAMENT DE BARCELONA","CONVENI ENTRE L'AJUNTAMENT DE BARCELONA, LA UNIVERSITAT DE BARCELONA, LA FUNDACIÓ SOLIDARITAT UB I LA FUNDACIÓ JOSEP FINESTRES PER AL RETORN DE LA POSSESSIÓ A L'AJUNTAMENT DEL LOCAL COMERCIAL - 2 SITUAT A LA PLAÇA EUCALIPTUS, 3 DE BARCELONA",0.0,"16/10/2020","","UNIVERSITAT DE BARCELONA; FUNDACIÓ SOLIDARITAT UB; FUNDACIÓ JOSEP FINESTRES;"
"C20000158","DISTRICTE DE LES CORTS","CONVENI ENTRE EL DISTRICTE DE LES CORTS, L'INSTITUT MUNICIPAL DE PERSONES AMB DISCAPACITATI LA FEDERACIÓ PLATAFORMA DE PERSONES AMB DISCAPACITAT DE LES CORTS, PER AL DESENVOLUPAMENT DEL PROJECTE PILOT DE PIS DE TRANSICIÓ A LA VIDA INDEPENDENT PER A PERSONES AMB DISCAPACITAT INTEL·LECTUAL",0.0,"21/10/2020","31/12/2020","IM PERSONES AMB DISCAPACITAT: FEDERACIÓ PLATAFORMA ENTITATS PERSONES AMB DISCAPACITAT DE LES CORTS"
"C20000159","DISTRICTE DE SANTS-MONTJUÏC","CONVENI ENTRE EL DISTRICTE DE SANTS-MONTJUÏC I L'ASSOCIACIÓ DE VEÏNS DE LA VINYA PER A LA GESTIÓ CÍVICA DEL CASAL DE BARRI LA VINYA",35750.0,"06/11/2020","31/12/2021","ASSOC. VEÏNAL LA VINYA"
"C20000160","INSTITUT DE CULTURA","CONVENI ENTRE L'ICUB I L'ORGANITZACIÓ EUROPEA PER A LA RECERCA NUCLEAR (CERN) PER A ""COLLIDE INTERNATIONAL 2020""",56180.0,"28/10/2020","30/06/2021","ORGANITZACIÓ EUROPEA PER A LA RECERCA NUCLEAR"
"C20000161","GERENCIA DRETS SOCIALS","CONVENI ENTRE L'AJUNTAMENT DE BARCELONA I EL DEPARTAMENT DE TREBALL, AFERS SOCIALS I FAMÍLIES EN MATÈRIA DE SERVEIS SOCIALS, ALTRES PROGRAMES I SERVEIS RELATIUS AL BENESTAR SOCIAL I POLÍTIQUES D'IGUALTAT PER A LA IMPLEMENTACIÓ DE MESURES EXTRAORDINÀRIES EN RELACIÓ AMB L'IMPACTE SOCIAL DE LA PANDÈMIA DE LA COVID-19  DURANT L'EXERCICI 2020",0.0,"20/10/2020","","DEPARTAMENT TREBALL GENERALITAT CAT"
"C20000162","GERENCIA DRETS SOCIALS","CONVENI ENTRE L'AJUNTAMENT DE BARCELONA I SOS RACISME PER AL DESENVOLUPAMENT DEL PROJECTE ""ATENCIÓ A PERSONES VICTIMITZADES PER RACISME, INCIDÈNCIA SOCIAL I POLÍTICA: VISIBILITZAR PER A TRANSFORMAR""",50000.0,"10/11/2020","","SOS RACISME CATALUNYA"
"C20000163","ECOLOGIA URBANISME MOBILITAT","CONVENI URBANÍSTIC ENTRE L'AJUNTAMENT DE BARCELONA I IRE-RE MERIDIANA JV, SLU CORRESPONENT A LA RESIDÈNCIA D'ESTUDIANTS I ALLOTJAMENTS DOTACIONALS A IMPLANTAR A L'AVINGUDA MERIDIANA, 339-347 DE BARCELONA",0.0,"16/11/2020","","IRE-RE MERIDIANA, 339-347"
"C20000164","DISTRICTE DE SANTS-MONTJUÏC","CONVENI ENTRE EL DISTRICTE DE SANTS-MONTJUÏC I L'ASSOCIACIÓ DE VEÏNS DE SANT CRISTÒFOL PER A LA GESTIÓ CÍVICA DE L'EQUIPAMENT DEL CASAL DE BARRI SANT CRISTÒFOL",32000.0,"13/11/2020","","ASSOCIACIÓ DE VEÏNS SANT CRISTÒFOL"
"C20000165","INSTITUT MUNICIPAL DE L'HABITATGE I REHABILITACIÓ","CONVENI MARC ENTRE L'IMHIR, L'ASSOCIACIÓ GESTORS DE POLÍTIQUES SOCIALS D'HABITATGE DE CATALUNYA, LA FEDERACIÓ DE COOPERATIVES D'HABITATGES DE CATALUNYA, LA COORDINADORA DE FUNDACIONS D'HABITATGE SOCIAL I LA XARXA D'ECONOMIA SOLIDÀRIA PER A LA PROVISIÓ D'HABITATGES DESTINATS A LLOGUER ASSEQUIBLE I CESSIÓ DEL DRET D'ÚS",0.0,"27/11/2020","","ASSOC. GESTORS POLÍTIQUES SOCIALS HABITATGE CATALUNYA; CONFEDERACIO COOPERATIVES CATALUNYA; FUNDACIÓ NOU LLOC HABITATGE SOCIAL; XARXA  ECONOMIA SOLIDARIA CATALUNYA XES"
"C20000166","DIREC. SERV. JURÍDICS I PROMOC. RECURSOS HUMANS","CONVENI ENTRE L'AJUNTAMENT DE BARCELONA I LA FUNDACIÓ UNIVERSITAT AUTÒNOMA DE BARCELONA ESTUDIANTS EN PRÀCTIQUES",0.0,"16/11/2020","","UNIVERSITAT AUTONOMA DE BARCELONA"
"C20000167","DIREC. SERV. JURÍDICS I PROMOC. RECURSOS HUMANS","CONVENI ENTRE L'AJUNTAMENT DE BARCELONA I LA UNIVERSITAT DE BARCELONA ESTUDIANTS EN PRÀCTIQUES",0.0,"16/11/2020","","UNIVERSITAT DE BARCELONA"
"C20000168","DISTRICTE DE SANTS-MONTJUÏC","CONVENI ENTRE EL DISTRICTE DE SANTS-MONTJUÏC I I LA COORDINADORA D'ENTITATS PER LA LLEIALTAT SANTSENCA PER ACTIVITATS DE FORMACIÓ PER A PERSONES JOVES I ADULTES",60000.0,"26/06/2020","","COORD. ENTITATS LLEIALTAT SANTSENCA"
"C20000169","DISTRICTE DE SANTS-MONTJUÏC","CONVENI ENTRE EL DISTRICTE DE SANTS-MONTJUÏC I LA FEDERACIÓ TAULA D'ESPORT DE LA MARINA PER A LA GESTIÓ CÍVICA DE L'EQUIPAMENT MUNICIPAL POLIESPORTIU LA MARINA",58306.14,"01/09/2020","","FEDERACIÓ TAULA D'ESPORT DE LA MARINA"
"C20000170","PROMOCIO ECONOMICA","CONVENI ENTRE BARCELONA ACTIVA SAU SPM I EL COL·LEGI DE PERIODISTES DE CATALUNYA PER PROPORCIONAR PERSONES COL·LEGIADES EXPERTES EN COMUNICACIÓ DIGITAL PER IMPARTIR LES MASTERCLASSES DEL CIBERNÀRIUM, AIXÍ COM RECURSOS I CONTINGUTS ASSOCIATS A LA TEMÀTICA ESPECÍFICA",0.0,"17/11/2020","17/11/2024","COL·LEGI DE PERIODISTES DE CATALUNYA"
"C20000171","PROMOCIO ECONOMICA","CONVENI ENTRE L'AJUNTAMENT DE BARCELONA I LA FUNDACIÓ INSTITUT DE RECERCA EN ENERGIA DE CATALUNYA PER AL DESENVOLUPAMENT DEL PROJECTE ""PLATAFORMA D'INTEGRACIÓ D'ENERGIES RENOVABLES I EMMAGATZEMATGE (PRIMA)""",300000.0,"24/11/2020","","FUNDACIÓ INSTITUT DE RECERCA EN ENERGIA DE CATALUNYA (IREC)"
"C20000172","GERENCIA DRETS SOCIALS","CONVENI ENTRE L'AJUNTAMENT DE BARCELONA I L'ORGANITZACIÓ MUNDIAL DE CIUTATS I GOVERNS LOCALS PER AL DESENVOLUPAMENT DEL PROJECTE SECRETARIA DE LA COMISSIÓ D'INCLUSIÓ SOCIAL, DEMOCRÀCIA PARTICIPATIVA I DRETS HUMANS",30000.0,"24/11/2020","","ASSO MUNDIAL DE CIUTATS I GOVERNS LOCALS UNITS"
"C20000173","BARCELONA INFRAESTRUCTURES MUNICIPALS SA (BIMSA)","CONVENI ENTRE BIMSA I E-DISTRIBUCIÓN SOTERRAMENT XARXA AÈRIA EXISTENT AL PASSATGE DE L'ARC DE SANT MARTÍ, AL BARRI DE LA FONT D'EN FARGUES, AL DISTRICTE D'HORTA-GUINARDÓ",0.0,"17/11/2020","","EDISTRIBUCIÓN REDES DIGITALES, SL."
"C20000174","INSTITUT BARCELONA ESPORTS","CONVENI ENTRE L'IBE I LA FEDERACIÓN ESPAÑOLA DE TRIATLÓN PER AL DESENVOLUPAMENT DEL PROJECTE COPA D'EUROPA DE TRIATLÓ",68000.0,"17/11/2020","","FEDERACIÓN ESPAÑOLA DE TRIATLÓN"
"C20000175","PATRIMONI","CONVENI ENTRE L'AJUNTAMENT I LA UNIVERSITAT OBERTA DE CATALUNYA PER AL DESENVOLUPAMENT DE L'ÀMBIT CONEGUT COM CAN JAUMANDREU",0.0,"02/12/2020","30/06/2021","UNIVERSITAT OBERTA DE CATALUNYA"
"C20000176","ECOLOGIA URBANISME MOBILITAT","ADDENDA DE PRÒRROGA DEL CONVENI ENTRE L'AJUNTAMENT DE BARCELONA, L'AJUNTAMENT DE SANT ADRIÀ DE BESÒS I EL CONSORCI DEL BESÒS PER A LA GESTIÓ DEL SERVEI DE RECOLLIDA PNEUMÀTICA SELECTIVA DE RESIDUS A L'ÀMBIT DEL FÒRUM I ENTORNS",1496635.0,"11/12/2020","18/11/2024","CIUTAT DE SANT ADRIA DE BESOS; CONSORCI DEL BESÒS"
"C20000177","GERENCIA DRETS SOCIALS","CONVENI ENTRE L'AJUNTAMENT DE BARCELONA, L'INSTITUT D'ESTADÍSTICA, DE CATALUNYA, L'ÀREA METROPOLITANA DE BARCELONA I L'INSTITUT D'ESTUDIS REGIONALS I METROPOLITANS DE BARCELONA PER AL DESENVOLUPAMENT DEL PROJECTE ESTIMACIONS TERRITORIALS DE L'ENQUESTA DE CONDICIONS DE VIDA  DE CATALUNYA L'ANY 2020 (ECV 2020) HOMOLOGABLE ALS ESTÀNDARDS EUROPEUS (EU-SILC)",22125.0,"10/12/2020","31/07/2021","INSTITUT D'ESTADISTICA DE CATALUNYA; AREA METROPOLITANA DE BARCELONA; INST. ESTUDIS REGIONALS I METROPOLITANS"
"C20000178","SERVEIS GENERALS","CONVENI ENTRE L'AJUNTAMENT DE BARCELONA I LES FEDERACIONS NACIONALS DEL METALL, CONSTRUCCIÓ I AFINS DE LA UNIÓ GENERAL DE TREBALLADORS I DE LA CONFEDERACIÓ SINDICAL DE LA COMISSIÓ OBRERA NACIONAL DE CATALUNYA PER A LA COL·LABORACIÓ EN MATÈRIA DE SEGURETAT I SALUT LABORAL EN OBRES PÚBLIQUES MUNICIPALS",150000.0,"10/12/2020","31/12/2021","FED. NACIONAL DEL METALL; CONFED. SINDICAL COMISSIÓ OBRERA NACIONAL DE CATALUNYA"
"C20000179","GERENCIA DRETS SOCIALS","CONVENI REGULADOR DE LA SUBVENCIÓ CONCEDIDA ENTRE L'AJUNTAMENT DE BARCELONA I LA FUNDACIÓ BARCELONA ACTUA  PER A L'EXECUCIÓ DEL PROJECTE ""PLA D'ACOMPANYAMENT SOCIAL I COMUNITARI I SOLUCIONS HABITACIONALS PER A PERSONES JOVES AFECTADES PER LA CRISI DE LA COVID-19",135608.0,"04/12/2020","","FUNDACIÓ BARCELONA ACTUA"
"C20000180","GERENCIA DRETS SOCIALS","CONVENI REGULADOR DE LA SUBVENCIÓ CONCEDIDA PER L'AJUNTAMENT DE BARCELONA A L'ENTITAT CONSELL DE LA JOVENTUT DE BARCELONA PER A L'EXECUCIÓ DEL PROJECTE PROGRAMA JUSTÍCIA GLOBAL 2020",40000.0,"30/11/2020","","CONSELL DE LA JOVENTUT DE BARCELONA"
"C20000181","DISTRICTE DE SANTS-MONTJUÏC","CONVENI ENTRE EL DISTRICTE DE SANTS-MONTJUÏC I LA FEDERACIÓ D'ASSOCIACIONS I COMISSIONS DE CARRERS DE LA FESTA MAJOR DE SANTS PER A L'ORGANITZACIÓ DE LA FESTA MAJOR DE SANTS 2020",58000.0,"04/12/2020","","FED. ASS. I COMISSIONS DE CARRERS DE LA FESTA MAJOR SANTS"
"C20000182","SEGURETAT I MOBILITAT","CONVENI ENTRE L'AJUNTAMENT DE BARCELONA I EL DEPARTAMENT D'INTERIOR DE LA GENERALITAT DE CATALUNYA PER LA COL·LABORACIÓ ENTRE EL CENTRE D'ATENCIÓ I GESTIÓ DE TRUCADES D'URGÈNCIA 112 CATALUNYA PER A DUR A TERME TASQUES D'INTEGRACIÓ TECNOLÒGICA DELS SERVEIS D'EMERGÈNCIA DE L'AJUNTAMENT EN ELS SISTEMES DEL CENTRE D'ATENCIÓ I GESTIÓ DE TRUCADES D'URGÈNCIA 112 CATALUNYA",0.0,"14/12/2020","","CONSELLERIA D'INTERIOR"
"C20000183","AJUNTAMENT DE BARCELONA","CONVENI ENTRE L'AJUNTAMENT I EL CONSORCI D'EDUCACIÓ DE BARCELONA PER AL DESENVOLUPAMENT DEL PROJECTE DIVERSIFICACIÓ CURRICULAR",0.0,"04/12/2020","","CONSORCI EDUCACIO DE BARCELONA"
"C20000184","AJUNTAMENT DE BARCELONA","CONVENI ENTRE L'AJUNTAMENT,  EL SERVEI CATALÀ DE LA SALUT I EL CONSORCI SANITARI DE BARCELONA PER A L'OCUPACIÓ DEL PAVELLÓ DE LA VALL D'HEBRON COM A PAV-SALUT",0.0,"14/09/2020","14/09/2020","SERVEI CATALA DE LA SALUT; CONSORCI SANITARI DE BARCELONA"
"C20000185","AJUNTAMENT DE BARCELONA","CONVENI ENTRE L'AJUNTAMENT DE BARCELONA I LA RED ESPAÑOLA PER AL DESENVOLUPAMENT SOSTENIBLE (REDS) PER A LA PROMOCIÓ DEL SEGUIMENT I L'AVALUACIÓ DE L'AGENDA 2030 DE DESENVOLUPAMENT SOSTENIBLE A BARCELONA",18400.0,"11/12/2020","31/12/2020","RED ESPAÑOLA PARA EL DESARROLLO SOSTENIBLE"
"C20000186","SERVEIS GENERALS","CONVENI ENTRE L'AJUNTAMENT DE BARCELONA I LA ORGANIZACIÓN MUNDIAL DE CIUDADES Y GOBIERNOS LOCALES UNIDOS (CGLU) PER AL DESENVOLUPAMENT DEL PROJECTE DE LA SECRETARIA TÈCNICA DE L'OBSERVATORI INTERNACIONAL DE LA DEMOCRÀCIA PARTICIPATIVA (OIDP)",70000.0,"30/11/2020","31/12/2020","ORG. MUNDIAL CIUDADES Y GOBIERNOS LOCALES UNIDOS"
"C20000187","SERVEIS GENERALS","CONVENI ENTRE L'AJUNTAMENT DE BARCELONA I EL CONSELL DE LA JOVENTUT DE BARCELONA PER AL DESENVOLUPAMENT DEL PROJECTE ""TERRITORI I PARTICIPACIÓ COMUNITÀRIA DEL CJB 2020-2021""",46550.0,"20/11/2020","31/12/2021","CONSELL DE LA JOVENTUT DE BARCELONA"
"C20000188","INSTITUT BARCELONA ESPORTS","CONVENI ENTRE L'IBE I LA DIPUTACIÓ DE BARCELONA PER AL FINANÇAMENT D'ESDEVENIMENTS ESPORTIUS D'ESPECIAL INTERÈS PER A LA CIUTAT DE BARCELONA A CELEBRAR DURANT L'ANY 2020",0.0,"16/10/2020","30/06/2021","DIPUTACIO DE BARCELONA"
"C20000189","GERENCIA DRETS SOCIALS","CONVENI ENTRE L'INSTITUT MUNICIPAL DE SERVEIS SOCIALS I CARITAS DIOCESANA DE BARCELONA EN MATÈRIA DE PROJECTES D'ATENCIÓ SOCIAL A SECTORS DE POBLACIÓ EN RISC A BARCELONA",0.0,"17/12/2020","31/12/2021","CARITAS DIOCESANA DE BARCELONA"
"C20000190","CULTURA, CONEIX.CREAT. INNOVAC","CONVENI ENTRE L'AJUNTAMENT DE BARCELONA I LA FUNDACIÓ PRIVADA INSTITUT DE SALUT GLOBAL DE BARCELONA PER AL DESENVOLUPAMENT DEL PROJECTE ""REFORÇAR LA CIUTAT DE BARCELONA COM A REFERENT EN RECERCA I TRANSLACIÓ EN SALUT GLOBAL",250000.0,"18/12/2020","31/12/2020","INSTITUT SALUT GLOBAL DE BARCELONA"
"C20000191","AJUNTAMENT DE BARCELONA","CONVENI ENTRE L'AJUNTAMENT DE BARCELONA I LA FUNDACIÓ I2CAT, INTERNET I INNOVACIÓ DIGITAL A CATALUNYA",597000.0,"21/12/2020","21/12/2022","FUNDACIÓ PRIVADA I2 CAT,INTERNET"
"C20000192","ECOLOGIA URBANISME MOBILITAT","CONVENI ENTRE L'AJUNTAMENT DE BARCELONA, L'ÀREA METROPOLITANA DE BARCELONA,  LA CIUTAT DE SANTA COLOMA DE GRAMENET I  LA CIUTAT DE SANT ADRIÀ DE BESÒS PER AL MANTENIMENT, CONSERVACIÓ I MILLORES DE LES RONDES DE BARCELONA I EL TRAM MUNICIPAL DE LA GRAN VIA NORD",5975872.0,"23/12/2020","23/12/2024","AREA METROPOLITANA DE BARCELONA; CIUTAT DE SANTA COLOMA DE GRAMENET; CIUTAT DE SANT ADRIA DE BESOS"
"C20000193","GERENCIA DRETS SOCIALS","CONVENI ENTRE L'AJUNTAMENT DE BARCELONA I LA FUNDACIÓ PRIVADA PERE RELATS DE 21 DE JULIOL DE 2020 PER A UNA PERMUTA DE PROPIETATS A LA CIUTAT DE BARCELONA",0.0,"21/12/2020","31/03/2021","FUNDACIÓ PRIVADA PERE RELATS"
"C20000194","PROMOCIO ECONOMICA","CONVENI ENTRE L'AJUNTAMENT DE BARCELONA, EL MINISTERI D'HISENDA, EL CONSELL SUPERIOR D'ESPORTS I LA FUNDACIÓ NAVEGACIÓ OCEÀNICA DE BARCELONA PER A LA CREACIÓ DE LA COMISSIÓ INTERADMINISTRATIVA DE L'ACONTEIXEMENT D'EXCEPCIONAL INTERÈS PÚBLIC 4A. EDICIÓ DE LA BARCELONA WORLD RACE",0.0,"19/03/2020","01/10/2024","MINIST. D'ECONOMIA I HISENDA; CONSELL SUPERIOR D'ESPORTS; FUNDACIÓ NAVEGACIO OCEANICA BARCELONA"
"C20000195","ECOLOGIA URBANISME MOBILITAT","CONVENI ENTRE L'AJUNTAMENT DE BARCELONA I LA GENERALITAT DE CATALUNYA, MITJANÇANT EL DEPARTAMENT D'ENSENYAMENT I EL CONSORCI D'EDUCACIÓ DE BARCELONA PER A LA PRIMERA ADDENDA PER A LES OBRES DE NOVA CONSTRUCCIÓ DE L'ESCOLA ANGLESOLA DE 2 LÍNIES D'AQUEST MUNICIPI",1002000.0,"18/12/2020","","DEPARTAMENT D'ENSENYAMENT; CONSORCI EDUCACIO DE BARCELONA"
"C20000196","ECOLOGIA URBANISME MOBILITAT","CONVENI ENTRE L'AJUNTAMENT DE BARCELONA I ONU-HABITAT, PROGRAMA DE LES NACIONS UNIDES PER ALS ASSENTAMENTS HUMANS, ESTABLIMENT I CONTINUACIÓ DEL PROGRAMA GLOBAL DE CIUTATS RESILIENTS D'ONU HABITAT",800000.0,"05/10/2020","","ONU-HABITAT"
"C20000197","DISTRICTE DE CIUTAT VELLA","CONVENI ENTRE EL DISTRICTE DE CIUTAT VELLA I L'INSTITUT MUNICIPAL D'EDUCACIÓ DE BARCELONA PER A LA REALITZACIÓ D'ESTADES FORMATIVES D'ÀMBIT PRÀCTIC",0.0,"11/02/2020","","INSTITUT MUNICIPAL EDUCACIO DE BARCELONA"
"C20000198","DISTRICTE DE CIUTAT VELLA","CONVENI ENTRE EL DISTRICTE DE CIUTAT VELLA I LA COORDINADORA DE CORALS DEL RAVAL",16000.0,"10/09/2020","","COORD. DE CORALS DEL RAVAL"
"C20000199","INST.PAISATGE URBA I QV","CONVENI ENTRE L'IMPUIQV I LA COMUNITAT DE PROPIETARIS DE LA FINCA DEL CARRER LOPE DE VEGA, NÚM. 115 DE BARCELONA PER A LA REHABILITACIÓ DE LA FAÇANA I MITGERES POSTERIORS DE L'EDIFICI",27500.0,"31/01/2020","","COMUNITAT DE PROPIETARIS FINCA LOPE DE VEGA, 115"
"C20000200","GERENCIA DRETS SOCIALS","CONVENI ENTRE L'AJUNTAMENT DE BARCELONA I EL FONS DE POBLACIÓ DE LES NACIONS UNIDES",99999.94,"30/12/2020","30/12/2021","FONS DE POBLACIÓ DE LES NACIONS UNIDES"
"C20000201","GERENCIA DRETS SOCIALS","CONVENI ENTRE L'AJUNTAMENT DE BARCELONA I L'ENTITAT CLACK PRODUCCIONS CULTURALS PER A L'EXECUCIÓ DEL PROJECTE ""BÒSNIA, LES FERIDES OBERTES""",12000.0,"31/12/2020","","ENTITAT CLACK PRODUCCIONS CULTURALS"
"C20000202","EDUCACIO,CULTURA I BENESTAR","CONVENI ENTRE L'AJUNTAMENT DE BARCELONA I L'ASSOCIACIÓ CATALANA D'UNIVERSITATS PÚBLIQUES PER AL DESENVOLUPAMENT A BARCELONA DE LA TERCERA CONFERÈNCIA MUNDIAL D'EDUCACIÓ SUPERIOR DE LA UNESCO",250000.0,"23/12/2020","31/12/2021","ASSOC. CATALANA UNIVERSITATS PÚBLIQUES (ACUP)"
"C20000203","AJUNTAMENT DE BARCELONA","CONVENI ENTRE L'AJUNTAMENT DE BARCELONA I LA DIPUTACIÓ DE BARCELONA PER AL DESENVOLUPAMENT DEL PROTOCOL GENERAL DEL PLA DE CONCERTACIÓ XARXA DE GOVERNS LOCALS 2020-2023",0.0,"30/12/2020","31/12/2023","DIPUTACIO DE BARCELONA"
"C20000204","GERENCIA DRETS SOCIALS","CONVENI ENTRE L'AJUNTAMENT DE BARCELONA I LA FUNDACIÓ ""AJUDA I ESPERANÇA"" DE BARCELONA EN L'ÀMBIT DE L'ATENCIÓ A LA CONDUCTA SUÏCIDA AMB LA FINALITAT DE PREVENIR AQUESTA CONDUCTA",0.0,"30/12/2020","","FUNDACIÓ ACOLLIDA I ESPERANÇA"
"C20000205","EDUCACIO,CULTURA I BENESTAR","CONVENI ENTRE L'AJUNTAMENT DE BARCELONA I L'INSTITUT D'ESTUDIS CATALANS PER AL DESENVOLUPAMENT DEL PROJECTE DE L'ACADÈMIA EUROPEA BARCELONA KNOWLEGDE HUB",121000.0,"31/12/2020","","INSTITUT D'ESTUDIS CATALANS"
"C20000206","SALUT PUBLICA","PRÒRROGA CONVENI DE COOPERACIÓ ENTRE L'AJUNTAMENT DE BARCELONA, EL SERVEI CATALÀ DE LA SALUT I EL CONSORCI SANITARI DE BARCELONA PER A L'OCUPACIÓ DEL PAVELLÓ DE LA VALL D'HEBRON COM A PAV-SALUT",0.0,"21/12/2020","28/02/2021","SERVEI CATALA DE LA SALUT; CONSORCI SANITARI DE BARCELONA"
"C20000207","PROMOCIO ECONOMICA","CONVENI ENTRE L'AJUNTAMENT DE BARCELONA I L'ASSOCIACIÓ DE SALES DE CONCERT DE CATALUNYA, L'ASSOCIACIÓ D'EMPRESES DE TEATRE DE CATALUNYA, EL GREMI D'EXHIBIDORS DE CINEMA, EL GREMI DE LLIBRETERS DE CATALUNYA, LA CAMBRA DEL LLIBRE DE CATALUNYA I CLUB CATALÀ DE CULTURA, SL. PER A LA REALITZACIÓ DEL PROJECTE ""BONUS CULTURA""",250000.0,"31/12/2020","","ASSOC. D'EMPRESES DE TEATRE DE CATALUNYA - ADETCA; ASSOCIACIÓ DE SALES DE CONCERTS DE CATALUNYA; GREMI D'EDITORS DE CATALUNYA/CAMBRA DEL LLIBRE DE CATALUNYA: GREMI DE LLIBRETERS DE CATALUNYA; GREMI EMPRESARIS CINEMES CATALUNYA; CLUB CATALA DE CULTURA SL"
"C20000208","GERENCIA DRETS SOCIALS","CONVENI ENTRE L'AJUNTAMENT DE BARCELONA I EL DEPARTAMENT DE TREBALL, AFERS SOCIALS I FAMÍLIES EN MATÈRIA DE SERVEIS SOCIALS IMPLEMENTAR MESURES COVID19 PERSONES SENSE LLAR I JOVES SITUACIÓ CARRER",0.0,"30/12/2020","31/12/2021","DEPARTAMENT TREBALL GENERALITAT CAT"
"C20000209","PROMOCIO ECONOMICA","CONVENI ENTRE L'AJUNTAMENT DE BARCELONA I BARCELONA GLOBAL PER AL DESENVOLUPAMENT DEL PROGRAMA BARCELONA & PARTNERS PER A L'ATRACCIÓ D'INVERSIONS A BARCELONA",945000.0,"31/12/2020","31/12/2024","ASSOC. BARCELONA GLOBAL"
"C20000210","GERENCIA DRETS SOCIALS","CONVENI ENTRE L'AJUNTAMENT DE BARCELONA I L'IL·LUSTRE COL·LEGI DE L'ADVOCACIA DE BARCELONA PER A LA MILLORA DEL SISTEMA DE MEDIACIÓ MUNICIPAL I LA DEFINICIÓ D'UN SISTEMA D'AVALUACIÓ SERVEI ORIENTACIÓ JURÍDICA CIUTADANIA",50000.0,"31/12/2020","","COL·LEGI D'ADVOCATS DE BARCELONA (ICAB)"
"C20000211","BARCELONA INFRAESTRUCTURES MUNICIPALS SA (BIMSA)","CONVENI ENTRE BIMSA I E-DISTRIBUCIÓN LÍNIES DE MITJA TENSIÓ PROJECTE EXECUTIU VAIRANT LÍNIES SUBTERRÀNIES AVINGUDA DIAGONAL CANTONADA PASSEIG DE SANT JOAN AL DISTRICTE DE L'EIXAMPLE",0.0,"02/12/2020","","EDISTRIBUCIÓN REDES DIGITALES, SL."
"C20000212","BARCELONA INFRAESTRUCTURES MUNICIPALS SA (BIMSA)","CONVENI ENTRE BIMSA I E-DISTRIBUCIÓN PROJECTE EXECUTIU MEMÒRIA AMBIENTAL PROJECTE INSTAL·LACIONS, CERTIFICACIÓ ENERGÈTICA I ESTUDI DE SEGURETAT I SALUT RESPECTE DE LES OBRES D'EDIFICACIÓ D'AMPLIACIÓ DE L'EQUIPAMENT EXISTENT DE LA PLAÇA SÓLLER AL DISTRICTE DE NOU BARRIS",0.0,"22/12/2020","","EDISTRIBUCIÓN REDES DIGITALES, SL."
"C20000213","GERENCIA DRETS SOCIALS","ADDENDA NÚMERO 1 CONVENI INTERADMINISTRATIU SIGNAT EL 21-12-19 ENTRE EL DEPARTAMENT PROMOCIÓ GENT GRAN I EL CONSORCI DE L'AUDITORI DE BARCELONA REALITZACIÓ CONCERT DE NADAL DE CANT CORAL DE LA GENT GRAN (CANTA GRAN!)",70000.0,"30/12/2020","","CONSORCI AUDITORI I ORQUESTRA"
"C20000214","GERENCIA DRETS SOCIALS","CONVENI MARC ENTRE L'AJUNTAMENT DE BARCELONA, L'INSTITUT MUNICIPAL DE SERVEIS SOCIALS I CREU ROJA A BARCELONA EN MATÈRIA D'ACCIÓ SOCIAL, COMUNITÀRIA I SOCIOSANITÀRIA A BARCELONA",0.0,"31/12/2020","31/12/2021","CREU ROJA A BARCELONA"
"C20000215","GERENCIA DRETS SOCIALS","CONVENI REGULADOR SUBVENCIÓ CONCEDIDA PER L'AJUNTAMENT DE BARCELONA A L'ENTITAT LAFEDE.CAT-ORGANITZACIONS PER A LA JUSTÍCIA GLOBAL PER A L'EXECUCIÓ DEL PROJECTE JUSTÍCIA GLOBAL: IMPULSAR PRÀCTIQUES COHERENTS AMB EL FEMINISME, L'ANTIRACISME I LA JUSTÍCIA AMBIENTAL A LES ORGANITZACIONS",195000.0,"30/12/2020","","LAFEDE-CAT-ORG JUSTICIA GLOBAL"
"C20000216","PROMOCIO ECONOMICA","ADDENDA AL CONVENI ENTRE L'AJUNTAMENT DE BARCELONA I LA UNIVERSITAT DE BARCELONA PER AL PLA DE TREBALL DE LA CÀTEDRA UB EN ECONOMIA URBANA CIUTAT DE BARCELONA-2020",20000.0,"30/12/2020","","UNIVERSITAT DE BARCELONA"
"C20000217","PROMOCIO ECONOMICA","CONVENI ENTRE L'AJUNTAMENT DE BARCELONA I L'ASSOCIACIÓ SENSE ÀNIM DE LUCRE SCITECH DIPLOHUB PER AL PROJECTE DE PROMOCIÓ ECONÒMICA INTERNACIONAL DE BARCELONA COM A CIUTAT DE CIÈNCIA I INNOVACIÓ 2020-2023",120000.0,"30/12/2020","31/12/2023","SCITECH DIPLOHUB"
"C20000218","PROMOCIO ECONOMICA","CONVENI ENTRE L'AJUNTAMENT DE BARCELONA, ESTUDIS D'HOTELERIA, TURISME CETT, SA. I LA FUNDACIÓ GASPAR ESPUÑA-CETT PER A LA CÀTEDRA UB DE TURISME, HOTELERIA I GASTRONOMIA CETT",55000.0,"09/12/2020","09/12/2024","ESTUDIS HOTELERIA I TURISME CETT, SA.; FUNDACIÓ GASPAR ESPUÑA-CETT"
"C20000219","GERENCIA DRETS SOCIALS","CONVENI REGULADOR DE LA SUBVENCIÓ CONCEDIDA PER L'AJUNTAMENT DE BARCELONA A L'ENTITAT PEN CATALÀ PER A L'EXECUCIÓ DEL PROJECTE PROGRAMA D'ACTIVITATS DE L'ESCRIPTOR ACOLLIT",26000.0,"30/12/2020","28/02/2021","PEN CATALÀ"
"C20000220","SALUT PUBLICA","CONVENI ENTRE L'AJUNTAMENT DE BARCELONA I EL CONSORCI SANITARI DE BARCELONA PER REGULAR LA SEVA COL.LABORACIÓ EN L'EXECUCIÓ I EL FINANÇAMENT DE PROGRAMES COMPLEMENTARIS PER A UNA ATENCIÓ INTEGRAL DELS SERVEIS SANITARIS DE LA CIUTAT",836588.3,"31/12/2020","","CONSORCI SANITARI DE BARCELONA"
"C20000221","GERENCIA DRETS SOCIALS","CONVENI REGULADOR DE LA SUBVENCIÓ CONCEDIDA PER L'AJUNTAMENT DE BARCELONA A L'ENTITAT FUNDACIÓ SOLIDARITAT UB PER A L'EXECUCIÓ DEL PROJECTE ""POTENCIANT SINÈRGIES PER AFRONTAR ELS REPTES PER A LA JUSTÍCIA GLOBAL DES DE LA UNIVERSITAT: EDUCACIÓ, RECERCA I ACCIÓ""",133000.0,"31/12/2020","","FUNDACIÓ SOLIDARITAT UB"
"C20000222","DISTRICTE DE ST. ANDREU","CONVENI ENTRE EL DISTRICTE DE SANT ANDREU I LA FEDERACIÓ D'ENTITATS SOCIO CULTURALS ESPAI 30 PER AL DESENVOLUPAMENT DEL PROJECTE SOCIOCULTURAL ""ESPAI 30-LA SAGRERA""",87477.44,"23/12/2020","","ASSOC. CULTURAL ESPAI 30"
"C20000223","DISTRICTE DE ST. ANDREU","CONVENI ENTRE EL DISTRICTE DE SANT ANDREU, EL CONSORCI D'EDUCACIÓ DE BARCELONA, L'ESCOLA PEGASO I L'INSTITUT PRÍNCEP DE VIANA PER A LA GESTIÓ DE LA UTILITZACIÓ DE LES INSTAL·LACIONS DELS CENTRES",0.0,"02/11/2020","","CONSORCI EDUCACIO DE BARCELONA; ESCOLA PEGASO; INSTITUT PRÍNCEP DE VIANA"
"C20000224","DISTRICTE DE ST. ANDREU","ADDENDA PRÒRROGA CONVENI ENTRE EL DISTRICTE DE SANT ANDREU, EL CONSORCI DE BIBLIOTEQUES DE BARCELONA I LA CONSELLERIA DE DIPLOMÀCIA PÚBLICA DE L'AMBAIXADA DELS ESTATS UNITS D'AMÈRICA A ESPANYA I ANDORRA EN REFERÈNCIA A UN CENTRE ASSESSORAMENT RECONEUGT D'EDUCATIONUSA",0.0,"30/10/2020","","CONSORCI DE BIBLIOTEQUES DE BARCELONA; CONSELLERIA DIPLOMÀCIA  PÚBLIC AMBAIXADA DELS ESTATS UNITS D'AMÈRICA A MADRID"
"C20000225","DISTRICTE DE ST. ANDREU","CONVENI ENTRE EL DISTRICTE DE SANT ANDREU I LA FEDERACIÓ D'ENTITATS SOCIOCULTURALS I DE LLEURE DE SANT ANDREU DE PALOMAR PER A LA GESTIÓ DE L'EQUIPAMENT DEL CASAL DE BARRI ATENEU L'HARMONIA DE SANT ANDREU",418534.4,"07/12/2020","","L'HARMONIA, COORDINADORA D'ASS. SOCIOCULTURALS I  DE LLEURE DE SANT ANDREU DE PALOMAR"
"C20000226","DISTRICTE DE ST. ANDREU","CONVENI ENTRE EL DISTRICTE DE SANT ANDREU I L'ASSOCIACIÓ DE VEÏNS CONGRÉS INDIANS PER A LA GESTIÓ DE L'EQUIPAMENT CAN CLARIANA CULTURAL",64294.84,"29/12/2020","","ASSOC. VEÏNS CONGRÉS INDIANS"
"C20000227","SEGURETAT I MOBILITAT","PRÒRROGA DEL CONVENI ENTRE L'AJUNTAMENT DE BARCELONA I EL CONSORCI MAR PARC DE SALUT DE BARCELONA PER AL DESENVOLUPAMENT DEL PROGRAMA D'ATENCIÓ INTEGRAL ALS MEMBRES DE LA GUÀRDIA URBANA I AL SERVEI DE PREVENCIÓ, EXTINCIÓ D'INCENDIS I SALVAMENT",80000.0,"02/12/2020","","CONSORCI MAR PARC SALUT BCN"
"C20000228","SEGURETAT I MOBILITAT","CONVENI ENTRE L'AJUNTAMENT DE BARCELONA I EL CONSORCI INSTITUT D'ESTUDIS REGIONALS I METROPOLITANS DE BARCELONA PER A LA REALITZACIÓ COORDINADA DE L'ENQUESTA DE VICTIMITZACIÓ DE BARCELONA I LA SEVA ÀREA METROPOLITANA",0.0,"27/10/2020","","CONSORCI INST.ESTUDIS REGIONALS I METROP"
"C20000229","INSTITUT BARCELONA ESPORTS","CONVENI ENTRE L'IBE I SETROINT EVENTS, SA. PER A L'EXECUCIÓ DEL PROJECTE ""WORLD PÀDEL TOUR MÀSTER PER A LES EDICIONS 2020, 2021 I 2022",390000.0,"15/10/2020","","SETPOINT EVENTS, SA."
"C20000230","DISTRICTE D'HORTA-GUINARDO","PRÒRROGA CONVENI ENTRE EL DISTRICTE D'HORTA-GUINARDÓ I CULTURAL DEPORTIVA CARMELO GESTIÓ CÍVICA CAMP MUNICIPAL DE FUTBOL DEL CARMEL",0.0,"16/12/2020","","ENTITAT CULTURAL ESPORTIVA CARMEL"
"C20000231","GERENCIA DRETS SOCIALS","CONVENI ENTRE L'AJUNTAMENT DE BARCELONA I LES ENTITATS ""PLATAFORMA D'AFECTATS PER LA HIPOTECA (PAH), ""ALIANÇA CONTRA LA POBRESA ENERGÈTICA (APE), ENGINYERIA SENSE FRONTERES (ESF) I ""OBSERVATORI DE DRETS ECONÒMICS, SOCIALS I CULTURALS (DESC)"" PER AL DESENVOLUPAMENT DEL PROJECTE ""DRET A L'HABITATGE I A L'ENERGIA: EMPODERAMENT COL·LECTIU I ASSESSORAMENT JURÍDIC SOCIAL""",324600.0,"31/12/2020","31/08/2022","PLATAFORMA AFECTATS PER LA HIPOTECA"
"C20000232","SEGURETAT I MOBILITAT","CONVENI ESPECÍFIC ENTRE L'AJUNTAMENT DE BARCELONA I LA UNIVERSITAT AUTÒNOMA DE BARCELONA PROJECTE RIGHTSAPP PER TAL DE CREAR UN PORTAL ÚNIC PER A TELÈFONS INTEL·LIGENTS I TABLETES ON PODER CONSULTAR ELS DRETS DE CADA CIUTADÀ QUAN HA ESTAT VÍCTIMA D'UN DELICTE",0.0,"28/01/2020","28/01/2022","UNIVERSITAT AUTONOMA DE BARCELONA"
